2026-02-01T10:44:17.675+05:30  INFO 32936 --- [music-streaming-backend] [restartedMain] c.b.MusicStreamingBackendApplication     : Starting MusicStreamingBackendApplication using Java 21.0.6 with PID 32936 (D:\sunbeam\Minproject\new music_streaming\music-streaming-backend\target\classes started by Admin in D:\sunbeam\Minproject\new music_streaming\music-streaming-backend)
2026-02-01T10:44:17.680+05:30  INFO 32936 --- [music-streaming-backend] [restartedMain] c.b.MusicStreamingBackendApplication     : No active profile set, falling back to 1 default profile: "default"
2026-02-01T10:44:17.737+05:30  INFO 32936 --- [music-streaming-backend] [restartedMain] .e.DevToolsPropertyDefaultsPostProcessor : Devtools property defaults active! Set 'spring.devtools.add-properties' to 'false' to disable
2026-02-01T10:44:17.738+05:30  INFO 32936 --- [music-streaming-backend] [restartedMain] .e.DevToolsPropertyDefaultsPostProcessor : For additional web related logging consider setting the 'logging.level.web' property to 'DEBUG'
2026-02-01T10:44:19.467+05:30  INFO 32936 --- [music-streaming-backend] [restartedMain] .s.d.r.c.RepositoryConfigurationDelegate : Bootstrapping Spring Data JPA repositories in DEFAULT mode.
2026-02-01T10:44:19.673+05:30  INFO 32936 --- [music-streaming-backend] [restartedMain] .s.d.r.c.RepositoryConfigurationDelegate : Finished Spring Data repository scanning in 194 ms. Found 6 JPA repository interfaces.
2026-02-01T10:44:20.321+05:30  INFO 32936 --- [music-streaming-backend] [restartedMain] o.s.b.w.embedded.tomcat.TomcatWebServer  : Tomcat initialized with port 8080 (http)
2026-02-01T10:44:20.337+05:30  INFO 32936 --- [music-streaming-backend] [restartedMain] o.apache.catalina.core.StandardService   : Starting service [Tomcat]
2026-02-01T10:44:20.338+05:30  INFO 32936 --- [music-streaming-backend] [restartedMain] o.apache.catalina.core.StandardEngine    : Starting Servlet engine: [Apache Tomcat/10.1.50]
2026-02-01T10:44:20.393+05:30  INFO 32936 --- [music-streaming-backend] [restartedMain] o.a.c.c.C.[Tomcat].[localhost].[/]       : Initializing Spring embedded WebApplicationContext
2026-02-01T10:44:20.393+05:30  INFO 32936 --- [music-streaming-backend] [restartedMain] w.s.c.ServletWebServerApplicationContext : Root WebApplicationContext: initialization completed in 2654 ms
2026-02-01T10:44:20.756+05:30  INFO 32936 --- [music-streaming-backend] [restartedMain] o.hibernate.jpa.internal.util.LogHelper  : HHH000204: Processing PersistenceUnitInfo [name: default]
2026-02-01T10:44:20.846+05:30  INFO 32936 --- [music-streaming-backend] [restartedMain] org.hibernate.Version                    : HHH000412: Hibernate ORM core version 6.6.39.Final
2026-02-01T10:44:20.888+05:30  INFO 32936 --- [music-streaming-backend] [restartedMain] o.h.c.internal.RegionFactoryInitiator    : HHH000026: Second-level cache disabled
2026-02-01T10:44:21.243+05:30  INFO 32936 --- [music-streaming-backend] [restartedMain] o.s.o.j.p.SpringPersistenceUnitInfo      : No LoadTimeWeaver setup: ignoring JPA class transformer
2026-02-01T10:44:21.281+05:30  INFO 32936 --- [music-streaming-backend] [restartedMain] com.zaxxer.hikari.HikariDataSource       : HikariPool-1 - Starting...
2026-02-01T10:44:21.760+05:30  INFO 32936 --- [music-streaming-backend] [restartedMain] com.zaxxer.hikari.pool.HikariPool        : HikariPool-1 - Added connection com.mysql.cj.jdbc.ConnectionImpl@60da8236
2026-02-01T10:44:21.761+05:30  INFO 32936 --- [music-streaming-backend] [restartedMain] com.zaxxer.hikari.HikariDataSource       : HikariPool-1 - Start completed.
2026-02-01T10:44:21.851+05:30  WARN 32936 --- [music-streaming-backend] [restartedMain] org.hibernate.orm.deprecation            : HHH90000025: MySQLDialect does not need to be specified explicitly using 'hibernate.dialect' (remove the property setting and it will be selected by default)
2026-02-01T10:44:21.868+05:30  INFO 32936 --- [music-streaming-backend] [restartedMain] org.hibernate.orm.connections.pooling    : HHH10001005: Database info:
	Database JDBC URL [Connecting through datasource 'HikariDataSource (HikariPool-1)']
	Database driver: undefined/unknown
	Database version: 8.4.6
	Autocommit mode: undefined/unknown
	Isolation level: undefined/unknown
	Minimum pool size: undefined/unknown
	Maximum pool size: undefined/unknown
2026-02-01T10:44:22.914+05:30  INFO 32936 --- [music-streaming-backend] [restartedMain] o.h.e.t.j.p.i.JtaPlatformInitiator       : HHH000489: No JTA platform available (set 'hibernate.transaction.jta.platform' to enable JTA platform integration)
2026-02-01T10:44:23.229+05:30  INFO 32936 --- [music-streaming-backend] [restartedMain] j.LocalContainerEntityManagerFactoryBean : Initialized JPA EntityManagerFactory for persistence unit 'default'
2026-02-01T10:44:23.698+05:30  INFO 32936 --- [music-streaming-backend] [restartedMain] o.s.d.j.r.query.QueryEnhancerFactory     : Hibernate is in classpath; If applicable, HQL parser will be used.
2026-02-01T10:44:24.275+05:30  WARN 32936 --- [music-streaming-backend] [restartedMain] JpaBaseConfiguration$JpaWebConfiguration : spring.jpa.open-in-view is enabled by default. Therefore, database queries may be performed during view rendering. Explicitly configure spring.jpa.open-in-view to disable this warning
2026-02-01T10:44:24.325+05:30  INFO 32936 --- [music-streaming-backend] [restartedMain] r$InitializeUserDetailsManagerConfigurer : Global AuthenticationManager configured with UserDetailsService bean with name customUserDetailsService
2026-02-01T10:44:25.443+05:30  INFO 32936 --- [music-streaming-backend] [restartedMain] o.s.b.a.e.web.EndpointLinksResolver      : Exposing 1 endpoint beneath base path '/actuator'
2026-02-01T10:44:26.076+05:30  INFO 32936 --- [music-streaming-backend] [restartedMain] o.s.b.d.a.OptionalLiveReloadServer       : LiveReload server is running on port 35729
2026-02-01T10:44:26.170+05:30  INFO 32936 --- [music-streaming-backend] [restartedMain] o.s.b.w.embedded.tomcat.TomcatWebServer  : Tomcat started on port 8080 (http) with context path '/'
2026-02-01T10:44:26.185+05:30  INFO 32936 --- [music-streaming-backend] [restartedMain] c.b.MusicStreamingBackendApplication     : Started MusicStreamingBackendApplication in 9.035 seconds (process running for 10.394)
2026-02-01T10:44:27.106+05:30  INFO 32936 --- [music-streaming-backend] [RMI TCP Connection(10)-127.0.0.1] o.a.c.c.C.[Tomcat].[localhost].[/]       : Initializing Spring DispatcherServlet 'dispatcherServlet'
2026-02-01T10:44:27.106+05:30  INFO 32936 --- [music-streaming-backend] [RMI TCP Connection(10)-127.0.0.1] o.s.web.servlet.DispatcherServlet        : Initializing Servlet 'dispatcherServlet'
2026-02-01T10:44:27.108+05:30  INFO 32936 --- [music-streaming-backend] [RMI TCP Connection(10)-127.0.0.1] o.s.web.servlet.DispatcherServlet        : Completed initialization in 1 ms
2026-02-01T10:45:16.079+05:30  INFO 32936 --- [music-streaming-backend] [http-nio-8080-exec-1] com.backend.controller.AuthController    : Login request received for email: rohan@gmail.com
2026-02-01T10:45:16.088+05:30  INFO 32936 --- [music-streaming-backend] [http-nio-8080-exec-1] c.backend.service.impl.AuthServiceImpl   : Login attempt for email: rohan@gmail.com
2026-02-01T10:45:16.448+05:30  WARN 32936 --- [music-streaming-backend] [http-nio-8080-exec-1] c.backend.service.impl.AuthServiceImpl   : Login failed: Invalid credentials for email - rohan@gmail.com
2026-02-01T10:45:16.458+05:30  WARN 32936 --- [music-streaming-backend] [http-nio-8080-exec-1] c.b.exception.GlobalExceptionHandler     : Bad credentials: Invalid email or password
2026-02-01T10:45:16.486+05:30  WARN 32936 --- [music-streaming-backend] [http-nio-8080-exec-1] .m.m.a.ExceptionHandlerExceptionResolver : Resolved [org.springframework.security.authentication.BadCredentialsException: Invalid email or password]
2026-02-01T10:45:21.218+05:30  INFO 32936 --- [music-streaming-backend] [http-nio-8080-exec-4] com.backend.controller.AuthController    : Login request received for email: rohan@gmail.com
2026-02-01T10:45:21.220+05:30  INFO 32936 --- [music-streaming-backend] [http-nio-8080-exec-4] c.backend.service.impl.AuthServiceImpl   : Login attempt for email: rohan@gmail.com
2026-02-01T10:45:21.329+05:30  INFO 32936 --- [music-streaming-backend] [http-nio-8080-exec-4] c.backend.service.impl.AuthServiceImpl   : Login successful for: rohan@gmail.com with role: ROLE_LISTENER
2026-02-01T10:45:21.334+05:30  INFO 32936 --- [music-streaming-backend] [http-nio-8080-exec-4] com.backend.controller.AuthController    : User logged in successfully: rohan@gmail.com, role: ROLE_LISTENER
2026-02-01T10:47:59.287+05:30  INFO 32936 --- [music-streaming-backend] [File Watcher] rtingClassPathChangeChangedEventListener : Restarting due to 2 class path changes (0 additions, 0 deletions, 2 modifications)
2026-02-01T10:47:59.301+05:30  INFO 32936 --- [music-streaming-backend] [Thread-17] o.s.b.w.e.tomcat.GracefulShutdown        : Commencing graceful shutdown. Waiting for active requests to complete
2026-02-01T10:47:59.319+05:30  INFO 32936 --- [music-streaming-backend] [tomcat-shutdown] o.s.b.w.e.tomcat.GracefulShutdown        : Graceful shutdown complete
2026-02-01T10:47:59.415+05:30  INFO 32936 --- [music-streaming-backend] [Thread-17] j.LocalContainerEntityManagerFactoryBean : Closing JPA EntityManagerFactory for persistence unit 'default'
2026-02-01T10:47:59.432+05:30  INFO 32936 --- [music-streaming-backend] [Thread-17] com.zaxxer.hikari.HikariDataSource       : HikariPool-1 - Shutdown initiated...
2026-02-01T10:47:59.454+05:30  INFO 32936 --- [music-streaming-backend] [Thread-17] com.zaxxer.hikari.HikariDataSource       : HikariPool-1 - Shutdown completed.
2026-02-01T10:47:59.734+05:30  INFO 32936 --- [music-streaming-backend] [restartedMain] c.b.MusicStreamingBackendApplication     : Starting MusicStreamingBackendApplication using Java 21.0.6 with PID 32936 (D:\sunbeam\Minproject\new music_streaming\music-streaming-backend\target\classes started by Admin in D:\sunbeam\Minproject\new music_streaming\music-streaming-backend)
2026-02-01T10:47:59.734+05:30  INFO 32936 --- [music-streaming-backend] [restartedMain] c.b.MusicStreamingBackendApplication     : No active profile set, falling back to 1 default profile: "default"
2026-02-01T10:48:00.426+05:30  INFO 32936 --- [music-streaming-backend] [restartedMain] .s.d.r.c.RepositoryConfigurationDelegate : Bootstrapping Spring Data JPA repositories in DEFAULT mode.
2026-02-01T10:48:00.490+05:30  INFO 32936 --- [music-streaming-backend] [restartedMain] .s.d.r.c.RepositoryConfigurationDelegate : Finished Spring Data repository scanning in 63 ms. Found 6 JPA repository interfaces.
2026-02-01T10:48:00.696+05:30  INFO 32936 --- [music-streaming-backend] [restartedMain] o.s.b.w.embedded.tomcat.TomcatWebServer  : Tomcat initialized with port 8080 (http)
2026-02-01T10:48:00.699+05:30  INFO 32936 --- [music-streaming-backend] [restartedMain] o.apache.catalina.core.StandardService   : Starting service [Tomcat]
2026-02-01T10:48:00.699+05:30  INFO 32936 --- [music-streaming-backend] [restartedMain] o.apache.catalina.core.StandardEngine    : Starting Servlet engine: [Apache Tomcat/10.1.50]
2026-02-01T10:48:00.728+05:30  INFO 32936 --- [music-streaming-backend] [restartedMain] o.a.c.c.C.[Tomcat].[localhost].[/]       : Initializing Spring embedded WebApplicationContext
2026-02-01T10:48:00.729+05:30  INFO 32936 --- [music-streaming-backend] [restartedMain] w.s.c.ServletWebServerApplicationContext : Root WebApplicationContext: initialization completed in 992 ms
2026-02-01T10:48:00.900+05:30  INFO 32936 --- [music-streaming-backend] [restartedMain] o.hibernate.jpa.internal.util.LogHelper  : HHH000204: Processing PersistenceUnitInfo [name: default]
2026-02-01T10:48:00.904+05:30  INFO 32936 --- [music-streaming-backend] [restartedMain] o.h.c.internal.RegionFactoryInitiator    : HHH000026: Second-level cache disabled
2026-02-01T10:48:00.926+05:30  INFO 32936 --- [music-streaming-backend] [restartedMain] o.s.o.j.p.SpringPersistenceUnitInfo      : No LoadTimeWeaver setup: ignoring JPA class transformer
2026-02-01T10:48:00.928+05:30  INFO 32936 --- [music-streaming-backend] [restartedMain] com.zaxxer.hikari.HikariDataSource       : HikariPool-2 - Starting...
2026-02-01T10:48:01.006+05:30  INFO 32936 --- [music-streaming-backend] [restartedMain] com.zaxxer.hikari.pool.HikariPool        : HikariPool-2 - Added connection com.mysql.cj.jdbc.ConnectionImpl@523b7013
2026-02-01T10:48:01.007+05:30  INFO 32936 --- [music-streaming-backend] [restartedMain] com.zaxxer.hikari.HikariDataSource       : HikariPool-2 - Start completed.
2026-02-01T10:48:01.009+05:30  WARN 32936 --- [music-streaming-backend] [restartedMain] org.hibernate.orm.deprecation            : HHH90000025: MySQLDialect does not need to be specified explicitly using 'hibernate.dialect' (remove the property setting and it will be selected by default)
2026-02-01T10:48:01.010+05:30  INFO 32936 --- [music-streaming-backend] [restartedMain] org.hibernate.orm.connections.pooling    : HHH10001005: Database info:
	Database JDBC URL [Connecting through datasource 'HikariDataSource (HikariPool-2)']
	Database driver: undefined/unknown
	Database version: 8.4.6
	Autocommit mode: undefined/unknown
	Isolation level: undefined/unknown
	Minimum pool size: undefined/unknown
	Maximum pool size: undefined/unknown
2026-02-01T10:48:01.210+05:30  INFO 32936 --- [music-streaming-backend] [restartedMain] o.h.e.t.j.p.i.JtaPlatformInitiator       : HHH000489: No JTA platform available (set 'hibernate.transaction.jta.platform' to enable JTA platform integration)
2026-02-01T10:48:01.432+05:30  INFO 32936 --- [music-streaming-backend] [restartedMain] j.LocalContainerEntityManagerFactoryBean : Initialized JPA EntityManagerFactory for persistence unit 'default'
2026-02-01T10:48:01.666+05:30  WARN 32936 --- [music-streaming-backend] [restartedMain] JpaBaseConfiguration$JpaWebConfiguration : spring.jpa.open-in-view is enabled by default. Therefore, database queries may be performed during view rendering. Explicitly configure spring.jpa.open-in-view to disable this warning
2026-02-01T10:48:01.701+05:30  INFO 32936 --- [music-streaming-backend] [restartedMain] r$InitializeUserDetailsManagerConfigurer : Global AuthenticationManager configured with UserDetailsService bean with name customUserDetailsService
2026-02-01T10:48:02.195+05:30  INFO 32936 --- [music-streaming-backend] [restartedMain] o.s.b.a.e.web.EndpointLinksResolver      : Exposing 1 endpoint beneath base path '/actuator'
2026-02-01T10:48:02.584+05:30  INFO 32936 --- [music-streaming-backend] [restartedMain] o.s.b.d.a.OptionalLiveReloadServer       : LiveReload server is running on port 35729
2026-02-01T10:48:02.619+05:30  INFO 32936 --- [music-streaming-backend] [restartedMain] o.s.b.w.embedded.tomcat.TomcatWebServer  : Tomcat started on port 8080 (http) with context path '/'
2026-02-01T10:48:02.631+05:30  INFO 32936 --- [music-streaming-backend] [restartedMain] c.b.MusicStreamingBackendApplication     : Started MusicStreamingBackendApplication in 2.945 seconds (process running for 226.841)
2026-02-01T10:48:02.680+05:30  INFO 32936 --- [music-streaming-backend] [restartedMain] .ConditionEvaluationDeltaLoggingListener : Condition evaluation unchanged
2026-02-01T10:48:05.065+05:30  INFO 32936 --- [music-streaming-backend] [File Watcher] rtingClassPathChangeChangedEventListener : Restarting due to 2 class path changes (0 additions, 0 deletions, 2 modifications)
2026-02-01T10:48:05.067+05:30  INFO 32936 --- [music-streaming-backend] [Thread-19] o.s.b.w.e.tomcat.GracefulShutdown        : Commencing graceful shutdown. Waiting for active requests to complete
2026-02-01T10:48:05.081+05:30  INFO 32936 --- [music-streaming-backend] [tomcat-shutdown] o.s.b.w.e.tomcat.GracefulShutdown        : Graceful shutdown complete
2026-02-01T10:48:05.087+05:30  INFO 32936 --- [music-streaming-backend] [Thread-19] j.LocalContainerEntityManagerFactoryBean : Closing JPA EntityManagerFactory for persistence unit 'default'
2026-02-01T10:48:05.088+05:30  INFO 32936 --- [music-streaming-backend] [Thread-19] com.zaxxer.hikari.HikariDataSource       : HikariPool-2 - Shutdown initiated...
2026-02-01T10:48:05.094+05:30  INFO 32936 --- [music-streaming-backend] [Thread-19] com.zaxxer.hikari.HikariDataSource       : HikariPool-2 - Shutdown completed.
2026-02-01T10:48:05.192+05:30  INFO 32936 --- [music-streaming-backend] [restartedMain] c.b.MusicStreamingBackendApplication     : Starting MusicStreamingBackendApplication using Java 21.0.6 with PID 32936 (D:\sunbeam\Minproject\new music_streaming\music-streaming-backend\target\classes started by Admin in D:\sunbeam\Minproject\new music_streaming\music-streaming-backend)
2026-02-01T10:48:05.192+05:30  INFO 32936 --- [music-streaming-backend] [restartedMain] c.b.MusicStreamingBackendApplication     : No active profile set, falling back to 1 default profile: "default"
2026-02-01T10:48:05.670+05:30  INFO 32936 --- [music-streaming-backend] [restartedMain] .s.d.r.c.RepositoryConfigurationDelegate : Bootstrapping Spring Data JPA repositories in DEFAULT mode.
2026-02-01T10:48:05.707+05:30  INFO 32936 --- [music-streaming-backend] [restartedMain] .s.d.r.c.RepositoryConfigurationDelegate : Finished Spring Data repository scanning in 35 ms. Found 6 JPA repository interfaces.
2026-02-01T10:48:05.843+05:30  INFO 32936 --- [music-streaming-backend] [restartedMain] o.s.b.w.embedded.tomcat.TomcatWebServer  : Tomcat initialized with port 8080 (http)
2026-02-01T10:48:05.844+05:30  INFO 32936 --- [music-streaming-backend] [restartedMain] o.apache.catalina.core.StandardService   : Starting service [Tomcat]
2026-02-01T10:48:05.844+05:30  INFO 32936 --- [music-streaming-backend] [restartedMain] o.apache.catalina.core.StandardEngine    : Starting Servlet engine: [Apache Tomcat/10.1.50]
2026-02-01T10:48:05.869+05:30  INFO 32936 --- [music-streaming-backend] [restartedMain] o.a.c.c.C.[Tomcat].[localhost].[/]       : Initializing Spring embedded WebApplicationContext
2026-02-01T10:48:05.869+05:30  INFO 32936 --- [music-streaming-backend] [restartedMain] w.s.c.ServletWebServerApplicationContext : Root WebApplicationContext: initialization completed in 675 ms
2026-02-01T10:48:06.014+05:30  INFO 32936 --- [music-streaming-backend] [restartedMain] o.hibernate.jpa.internal.util.LogHelper  : HHH000204: Processing PersistenceUnitInfo [name: default]
2026-02-01T10:48:06.017+05:30  INFO 32936 --- [music-streaming-backend] [restartedMain] o.h.c.internal.RegionFactoryInitiator    : HHH000026: Second-level cache disabled
2026-02-01T10:48:06.027+05:30  INFO 32936 --- [music-streaming-backend] [restartedMain] o.s.o.j.p.SpringPersistenceUnitInfo      : No LoadTimeWeaver setup: ignoring JPA class transformer
2026-02-01T10:48:06.028+05:30  INFO 32936 --- [music-streaming-backend] [restartedMain] com.zaxxer.hikari.HikariDataSource       : HikariPool-3 - Starting...
2026-02-01T10:48:06.044+05:30  INFO 32936 --- [music-streaming-backend] [restartedMain] com.zaxxer.hikari.pool.HikariPool        : HikariPool-3 - Added connection com.mysql.cj.jdbc.ConnectionImpl@1bfec6d
2026-02-01T10:48:06.044+05:30  INFO 32936 --- [music-streaming-backend] [restartedMain] com.zaxxer.hikari.HikariDataSource       : HikariPool-3 - Start completed.
2026-02-01T10:48:06.045+05:30  WARN 32936 --- [music-streaming-backend] [restartedMain] org.hibernate.orm.deprecation            : HHH90000025: MySQLDialect does not need to be specified explicitly using 'hibernate.dialect' (remove the property setting and it will be selected by default)
2026-02-01T10:48:06.046+05:30  INFO 32936 --- [music-streaming-backend] [restartedMain] org.hibernate.orm.connections.pooling    : HHH10001005: Database info:
	Database JDBC URL [Connecting through datasource 'HikariDataSource (HikariPool-3)']
	Database driver: undefined/unknown
	Database version: 8.4.6
	Autocommit mode: undefined/unknown
	Isolation level: undefined/unknown
	Minimum pool size: undefined/unknown
	Maximum pool size: undefined/unknown
2026-02-01T10:48:06.207+05:30  INFO 32936 --- [music-streaming-backend] [restartedMain] o.h.e.t.j.p.i.JtaPlatformInitiator       : HHH000489: No JTA platform available (set 'hibernate.transaction.jta.platform' to enable JTA platform integration)
2026-02-01T10:48:06.328+05:30  INFO 32936 --- [music-streaming-backend] [restartedMain] j.LocalContainerEntityManagerFactoryBean : Initialized JPA EntityManagerFactory for persistence unit 'default'
2026-02-01T10:48:06.541+05:30  WARN 32936 --- [music-streaming-backend] [restartedMain] JpaBaseConfiguration$JpaWebConfiguration : spring.jpa.open-in-view is enabled by default. Therefore, database queries may be performed during view rendering. Explicitly configure spring.jpa.open-in-view to disable this warning
2026-02-01T10:48:06.576+05:30  INFO 32936 --- [music-streaming-backend] [restartedMain] r$InitializeUserDetailsManagerConfigurer : Global AuthenticationManager configured with UserDetailsService bean with name customUserDetailsService
2026-02-01T10:48:07.042+05:30  INFO 32936 --- [music-streaming-backend] [restartedMain] o.s.b.a.e.web.EndpointLinksResolver      : Exposing 1 endpoint beneath base path '/actuator'
2026-02-01T10:48:07.351+05:30  INFO 32936 --- [music-streaming-backend] [restartedMain] o.s.b.d.a.OptionalLiveReloadServer       : LiveReload server is running on port 35729
2026-02-01T10:48:07.386+05:30  INFO 32936 --- [music-streaming-backend] [restartedMain] o.s.b.w.embedded.tomcat.TomcatWebServer  : Tomcat started on port 8080 (http) with context path '/'
2026-02-01T10:48:07.399+05:30  INFO 32936 --- [music-streaming-backend] [restartedMain] c.b.MusicStreamingBackendApplication     : Started MusicStreamingBackendApplication in 2.235 seconds (process running for 231.609)
2026-02-01T10:48:07.442+05:30  INFO 32936 --- [music-streaming-backend] [restartedMain] .ConditionEvaluationDeltaLoggingListener : Condition evaluation unchanged
2026-02-01T10:48:10.881+05:30  INFO 32936 --- [music-streaming-backend] [File Watcher] rtingClassPathChangeChangedEventListener : Restarting due to 2 class path changes (0 additions, 0 deletions, 2 modifications)
2026-02-01T10:48:10.882+05:30  INFO 32936 --- [music-streaming-backend] [Thread-35] o.s.b.w.e.tomcat.GracefulShutdown        : Commencing graceful shutdown. Waiting for active requests to complete
2026-02-01T10:48:10.896+05:30  INFO 32936 --- [music-streaming-backend] [tomcat-shutdown] o.s.b.w.e.tomcat.GracefulShutdown        : Graceful shutdown complete
2026-02-01T10:48:10.902+05:30  INFO 32936 --- [music-streaming-backend] [Thread-35] j.LocalContainerEntityManagerFactoryBean : Closing JPA EntityManagerFactory for persistence unit 'default'
2026-02-01T10:48:10.904+05:30  INFO 32936 --- [music-streaming-backend] [Thread-35] com.zaxxer.hikari.HikariDataSource       : HikariPool-3 - Shutdown initiated...
2026-02-01T10:48:10.910+05:30  INFO 32936 --- [music-streaming-backend] [Thread-35] com.zaxxer.hikari.HikariDataSource       : HikariPool-3 - Shutdown completed.
2026-02-01T10:48:10.995+05:30  INFO 32936 --- [music-streaming-backend] [restartedMain] c.b.MusicStreamingBackendApplication     : Starting MusicStreamingBackendApplication using Java 21.0.6 with PID 32936 (D:\sunbeam\Minproject\new music_streaming\music-streaming-backend\target\classes started by Admin in D:\sunbeam\Minproject\new music_streaming\music-streaming-backend)
2026-02-01T10:48:10.996+05:30  INFO 32936 --- [music-streaming-backend] [restartedMain] c.b.MusicStreamingBackendApplication     : No active profile set, falling back to 1 default profile: "default"
2026-02-01T10:48:11.544+05:30  INFO 32936 --- [music-streaming-backend] [restartedMain] .s.d.r.c.RepositoryConfigurationDelegate : Bootstrapping Spring Data JPA repositories in DEFAULT mode.
2026-02-01T10:48:11.583+05:30  INFO 32936 --- [music-streaming-backend] [restartedMain] .s.d.r.c.RepositoryConfigurationDelegate : Finished Spring Data repository scanning in 37 ms. Found 6 JPA repository interfaces.
2026-02-01T10:48:11.743+05:30  INFO 32936 --- [music-streaming-backend] [restartedMain] o.s.b.w.embedded.tomcat.TomcatWebServer  : Tomcat initialized with port 8080 (http)
2026-02-01T10:48:11.744+05:30  INFO 32936 --- [music-streaming-backend] [restartedMain] o.apache.catalina.core.StandardService   : Starting service [Tomcat]
2026-02-01T10:48:11.745+05:30  INFO 32936 --- [music-streaming-backend] [restartedMain] o.apache.catalina.core.StandardEngine    : Starting Servlet engine: [Apache Tomcat/10.1.50]
2026-02-01T10:48:11.769+05:30  INFO 32936 --- [music-streaming-backend] [restartedMain] o.a.c.c.C.[Tomcat].[localhost].[/]       : Initializing Spring embedded WebApplicationContext
2026-02-01T10:48:11.770+05:30  INFO 32936 --- [music-streaming-backend] [restartedMain] w.s.c.ServletWebServerApplicationContext : Root WebApplicationContext: initialization completed in 772 ms
2026-02-01T10:48:11.932+05:30  INFO 32936 --- [music-streaming-backend] [restartedMain] o.hibernate.jpa.internal.util.LogHelper  : HHH000204: Processing PersistenceUnitInfo [name: default]
2026-02-01T10:48:11.935+05:30  INFO 32936 --- [music-streaming-backend] [restartedMain] o.h.c.internal.RegionFactoryInitiator    : HHH000026: Second-level cache disabled
2026-02-01T10:48:11.947+05:30  INFO 32936 --- [music-streaming-backend] [restartedMain] o.s.o.j.p.SpringPersistenceUnitInfo      : No LoadTimeWeaver setup: ignoring JPA class transformer
2026-02-01T10:48:11.948+05:30  INFO 32936 --- [music-streaming-backend] [restartedMain] com.zaxxer.hikari.HikariDataSource       : HikariPool-4 - Starting...
2026-02-01T10:48:11.966+05:30  INFO 32936 --- [music-streaming-backend] [restartedMain] com.zaxxer.hikari.pool.HikariPool        : HikariPool-4 - Added connection com.mysql.cj.jdbc.ConnectionImpl@1e3e4de8
2026-02-01T10:48:11.966+05:30  INFO 32936 --- [music-streaming-backend] [restartedMain] com.zaxxer.hikari.HikariDataSource       : HikariPool-4 - Start completed.
2026-02-01T10:48:11.967+05:30  WARN 32936 --- [music-streaming-backend] [restartedMain] org.hibernate.orm.deprecation            : HHH90000025: MySQLDialect does not need to be specified explicitly using 'hibernate.dialect' (remove the property setting and it will be selected by default)
2026-02-01T10:48:11.968+05:30  INFO 32936 --- [music-streaming-backend] [restartedMain] org.hibernate.orm.connections.pooling    : HHH10001005: Database info:
	Database JDBC URL [Connecting through datasource 'HikariDataSource (HikariPool-4)']
	Database driver: undefined/unknown
	Database version: 8.4.6
	Autocommit mode: undefined/unknown
	Isolation level: undefined/unknown
	Minimum pool size: undefined/unknown
	Maximum pool size: undefined/unknown
2026-02-01T10:48:12.095+05:30  INFO 32936 --- [music-streaming-backend] [restartedMain] o.h.e.t.j.p.i.JtaPlatformInitiator       : HHH000489: No JTA platform available (set 'hibernate.transaction.jta.platform' to enable JTA platform integration)
2026-02-01T10:48:12.203+05:30  INFO 32936 --- [music-streaming-backend] [restartedMain] j.LocalContainerEntityManagerFactoryBean : Initialized JPA EntityManagerFactory for persistence unit 'default'
2026-02-01T10:48:12.400+05:30  WARN 32936 --- [music-streaming-backend] [restartedMain] JpaBaseConfiguration$JpaWebConfiguration : spring.jpa.open-in-view is enabled by default. Therefore, database queries may be performed during view rendering. Explicitly configure spring.jpa.open-in-view to disable this warning
2026-02-01T10:48:12.426+05:30  INFO 32936 --- [music-streaming-backend] [restartedMain] r$InitializeUserDetailsManagerConfigurer : Global AuthenticationManager configured with UserDetailsService bean with name customUserDetailsService
2026-02-01T10:48:12.843+05:30  INFO 32936 --- [music-streaming-backend] [restartedMain] o.s.b.a.e.web.EndpointLinksResolver      : Exposing 1 endpoint beneath base path '/actuator'
2026-02-01T10:48:13.137+05:30  INFO 32936 --- [music-streaming-backend] [restartedMain] o.s.b.d.a.OptionalLiveReloadServer       : LiveReload server is running on port 35729
2026-02-01T10:48:13.162+05:30  INFO 32936 --- [music-streaming-backend] [restartedMain] o.s.b.w.embedded.tomcat.TomcatWebServer  : Tomcat started on port 8080 (http) with context path '/'
2026-02-01T10:48:13.171+05:30  INFO 32936 --- [music-streaming-backend] [restartedMain] c.b.MusicStreamingBackendApplication     : Started MusicStreamingBackendApplication in 2.204 seconds (process running for 237.381)
2026-02-01T10:48:13.206+05:30  INFO 32936 --- [music-streaming-backend] [restartedMain] .ConditionEvaluationDeltaLoggingListener : Condition evaluation unchanged
2026-02-01T10:48:18.707+05:30  INFO 32936 --- [music-streaming-backend] [File Watcher] rtingClassPathChangeChangedEventListener : Restarting due to 1 class path change (0 additions, 0 deletions, 1 modification)
2026-02-01T10:48:18.710+05:30  INFO 32936 --- [music-streaming-backend] [Thread-51] o.s.b.w.e.tomcat.GracefulShutdown        : Commencing graceful shutdown. Waiting for active requests to complete
2026-02-01T10:48:18.723+05:30  INFO 32936 --- [music-streaming-backend] [tomcat-shutdown] o.s.b.w.e.tomcat.GracefulShutdown        : Graceful shutdown complete
2026-02-01T10:48:18.727+05:30  INFO 32936 --- [music-streaming-backend] [Thread-51] j.LocalContainerEntityManagerFactoryBean : Closing JPA EntityManagerFactory for persistence unit 'default'
2026-02-01T10:48:18.728+05:30  INFO 32936 --- [music-streaming-backend] [Thread-51] com.zaxxer.hikari.HikariDataSource       : HikariPool-4 - Shutdown initiated...
2026-02-01T10:48:18.733+05:30  INFO 32936 --- [music-streaming-backend] [Thread-51] com.zaxxer.hikari.HikariDataSource       : HikariPool-4 - Shutdown completed.
2026-02-01T10:48:18.812+05:30  INFO 32936 --- [music-streaming-backend] [restartedMain] c.b.MusicStreamingBackendApplication     : Starting MusicStreamingBackendApplication using Java 21.0.6 with PID 32936 (D:\sunbeam\Minproject\new music_streaming\music-streaming-backend\target\classes started by Admin in D:\sunbeam\Minproject\new music_streaming\music-streaming-backend)
2026-02-01T10:48:18.812+05:30  INFO 32936 --- [music-streaming-backend] [restartedMain] c.b.MusicStreamingBackendApplication     : No active profile set, falling back to 1 default profile: "default"
2026-02-01T10:48:19.239+05:30  INFO 32936 --- [music-streaming-backend] [restartedMain] .s.d.r.c.RepositoryConfigurationDelegate : Bootstrapping Spring Data JPA repositories in DEFAULT mode.
2026-02-01T10:48:19.280+05:30  INFO 32936 --- [music-streaming-backend] [restartedMain] .s.d.r.c.RepositoryConfigurationDelegate : Finished Spring Data repository scanning in 39 ms. Found 6 JPA repository interfaces.
2026-02-01T10:48:19.463+05:30  INFO 32936 --- [music-streaming-backend] [restartedMain] o.s.b.w.embedded.tomcat.TomcatWebServer  : Tomcat initialized with port 8080 (http)
2026-02-01T10:48:19.464+05:30  INFO 32936 --- [music-streaming-backend] [restartedMain] o.apache.catalina.core.StandardService   : Starting service [Tomcat]
2026-02-01T10:48:19.464+05:30  INFO 32936 --- [music-streaming-backend] [restartedMain] o.apache.catalina.core.StandardEngine    : Starting Servlet engine: [Apache Tomcat/10.1.50]
2026-02-01T10:48:19.499+05:30  INFO 32936 --- [music-streaming-backend] [restartedMain] o.a.c.c.C.[Tomcat].[localhost].[/]       : Initializing Spring embedded WebApplicationContext
2026-02-01T10:48:19.499+05:30  INFO 32936 --- [music-streaming-backend] [restartedMain] w.s.c.ServletWebServerApplicationContext : Root WebApplicationContext: initialization completed in 685 ms
2026-02-01T10:48:19.635+05:30  INFO 32936 --- [music-streaming-backend] [restartedMain] o.hibernate.jpa.internal.util.LogHelper  : HHH000204: Processing PersistenceUnitInfo [name: default]
2026-02-01T10:48:19.637+05:30  INFO 32936 --- [music-streaming-backend] [restartedMain] o.h.c.internal.RegionFactoryInitiator    : HHH000026: Second-level cache disabled
2026-02-01T10:48:19.649+05:30  INFO 32936 --- [music-streaming-backend] [restartedMain] o.s.o.j.p.SpringPersistenceUnitInfo      : No LoadTimeWeaver setup: ignoring JPA class transformer
2026-02-01T10:48:19.650+05:30  INFO 32936 --- [music-streaming-backend] [restartedMain] com.zaxxer.hikari.HikariDataSource       : HikariPool-5 - Starting...
2026-02-01T10:48:19.666+05:30  INFO 32936 --- [music-streaming-backend] [restartedMain] com.zaxxer.hikari.pool.HikariPool        : HikariPool-5 - Added connection com.mysql.cj.jdbc.ConnectionImpl@6e127c9
2026-02-01T10:48:19.666+05:30  INFO 32936 --- [music-streaming-backend] [restartedMain] com.zaxxer.hikari.HikariDataSource       : HikariPool-5 - Start completed.
2026-02-01T10:48:19.667+05:30  WARN 32936 --- [music-streaming-backend] [restartedMain] org.hibernate.orm.deprecation            : HHH90000025: MySQLDialect does not need to be specified explicitly using 'hibernate.dialect' (remove the property setting and it will be selected by default)
2026-02-01T10:48:19.667+05:30  INFO 32936 --- [music-streaming-backend] [restartedMain] org.hibernate.orm.connections.pooling    : HHH10001005: Database info:
	Database JDBC URL [Connecting through datasource 'HikariDataSource (HikariPool-5)']
	Database driver: undefined/unknown
	Database version: 8.4.6
	Autocommit mode: undefined/unknown
	Isolation level: undefined/unknown
	Minimum pool size: undefined/unknown
	Maximum pool size: undefined/unknown
2026-02-01T10:48:19.762+05:30  INFO 32936 --- [music-streaming-backend] [restartedMain] o.h.e.t.j.p.i.JtaPlatformInitiator       : HHH000489: No JTA platform available (set 'hibernate.transaction.jta.platform' to enable JTA platform integration)
2026-02-01T10:48:19.852+05:30  INFO 32936 --- [music-streaming-backend] [restartedMain] j.LocalContainerEntityManagerFactoryBean : Initialized JPA EntityManagerFactory for persistence unit 'default'
2026-02-01T10:48:20.065+05:30  WARN 32936 --- [music-streaming-backend] [restartedMain] JpaBaseConfiguration$JpaWebConfiguration : spring.jpa.open-in-view is enabled by default. Therefore, database queries may be performed during view rendering. Explicitly configure spring.jpa.open-in-view to disable this warning
2026-02-01T10:48:20.093+05:30  INFO 32936 --- [music-streaming-backend] [restartedMain] r$InitializeUserDetailsManagerConfigurer : Global AuthenticationManager configured with UserDetailsService bean with name customUserDetailsService
2026-02-01T10:48:20.481+05:30  INFO 32936 --- [music-streaming-backend] [restartedMain] o.s.b.a.e.web.EndpointLinksResolver      : Exposing 1 endpoint beneath base path '/actuator'
2026-02-01T10:48:20.791+05:30  INFO 32936 --- [music-streaming-backend] [restartedMain] o.s.b.d.a.OptionalLiveReloadServer       : LiveReload server is running on port 35729
2026-02-01T10:48:20.820+05:30  INFO 32936 --- [music-streaming-backend] [restartedMain] o.s.b.w.embedded.tomcat.TomcatWebServer  : Tomcat started on port 8080 (http) with context path '/'
2026-02-01T10:48:20.831+05:30  INFO 32936 --- [music-streaming-backend] [restartedMain] c.b.MusicStreamingBackendApplication     : Started MusicStreamingBackendApplication in 2.042 seconds (process running for 245.041)
2026-02-01T10:48:20.891+05:30  INFO 32936 --- [music-streaming-backend] [restartedMain] .ConditionEvaluationDeltaLoggingListener : Condition evaluation unchanged
2026-02-01T10:49:36.808+05:30  INFO 32936 --- [music-streaming-backend] [http-nio-8080-exec-1] o.a.c.c.C.[Tomcat].[localhost].[/]       : Initializing Spring DispatcherServlet 'dispatcherServlet'
2026-02-01T10:49:36.808+05:30  INFO 32936 --- [music-streaming-backend] [http-nio-8080-exec-1] o.s.web.servlet.DispatcherServlet        : Initializing Servlet 'dispatcherServlet'
2026-02-01T10:49:36.810+05:30  INFO 32936 --- [music-streaming-backend] [http-nio-8080-exec-1] o.s.web.servlet.DispatcherServlet        : Completed initialization in 2 ms
2026-02-01T10:49:36.832+05:30  INFO 32936 --- [music-streaming-backend] [http-nio-8080-exec-1] com.backend.controller.AuthController    : Login request received for email: rohan@gmail.com
2026-02-01T10:49:36.834+05:30  INFO 32936 --- [music-streaming-backend] [http-nio-8080-exec-1] c.backend.service.impl.AuthServiceImpl   : Login attempt for email: rohan@gmail.com
2026-02-01T10:49:37.013+05:30  INFO 32936 --- [music-streaming-backend] [http-nio-8080-exec-1] c.backend.service.impl.AuthServiceImpl   : Login successful for: rohan@gmail.com with role: ROLE_LISTENER
2026-02-01T10:49:37.016+05:30  INFO 32936 --- [music-streaming-backend] [http-nio-8080-exec-1] com.backend.controller.AuthController    : User logged in successfully: rohan@gmail.com, role: ROLE_LISTENER
2026-02-01T10:56:50.075+05:30  INFO 32936 --- [music-streaming-backend] [File Watcher] rtingClassPathChangeChangedEventListener : Restarting due to 2 class path changes (0 additions, 0 deletions, 2 modifications)
2026-02-01T10:56:50.098+05:30  INFO 32936 --- [music-streaming-backend] [Thread-67] o.s.b.w.e.tomcat.GracefulShutdown        : Commencing graceful shutdown. Waiting for active requests to complete
2026-02-01T10:56:50.118+05:30  INFO 32936 --- [music-streaming-backend] [tomcat-shutdown] o.s.b.w.e.tomcat.GracefulShutdown        : Graceful shutdown complete
2026-02-01T10:56:50.147+05:30  INFO 32936 --- [music-streaming-backend] [Thread-67] j.LocalContainerEntityManagerFactoryBean : Closing JPA EntityManagerFactory for persistence unit 'default'
2026-02-01T10:56:50.168+05:30  INFO 32936 --- [music-streaming-backend] [Thread-67] com.zaxxer.hikari.HikariDataSource       : HikariPool-5 - Shutdown initiated...
2026-02-01T10:56:50.182+05:30  INFO 32936 --- [music-streaming-backend] [Thread-67] com.zaxxer.hikari.HikariDataSource       : HikariPool-5 - Shutdown completed.
2026-02-01T10:56:50.637+05:30  INFO 32936 --- [music-streaming-backend] [restartedMain] c.b.MusicStreamingBackendApplication     : Starting MusicStreamingBackendApplication using Java 21.0.6 with PID 32936 (D:\sunbeam\Minproject\new music_streaming\music-streaming-backend\target\classes started by Admin in D:\sunbeam\Minproject\new music_streaming\music-streaming-backend)
2026-02-01T10:56:50.637+05:30  INFO 32936 --- [music-streaming-backend] [restartedMain] c.b.MusicStreamingBackendApplication     : No active profile set, falling back to 1 default profile: "default"
2026-02-01T10:56:51.239+05:30  INFO 32936 --- [music-streaming-backend] [restartedMain] .s.d.r.c.RepositoryConfigurationDelegate : Bootstrapping Spring Data JPA repositories in DEFAULT mode.
2026-02-01T10:56:51.291+05:30  INFO 32936 --- [music-streaming-backend] [restartedMain] .s.d.r.c.RepositoryConfigurationDelegate : Finished Spring Data repository scanning in 50 ms. Found 6 JPA repository interfaces.
2026-02-01T10:56:51.645+05:30  INFO 32936 --- [music-streaming-backend] [restartedMain] o.s.b.w.embedded.tomcat.TomcatWebServer  : Tomcat initialized with port 8080 (http)
2026-02-01T10:56:51.648+05:30  INFO 32936 --- [music-streaming-backend] [restartedMain] o.apache.catalina.core.StandardService   : Starting service [Tomcat]
2026-02-01T10:56:51.648+05:30  INFO 32936 --- [music-streaming-backend] [restartedMain] o.apache.catalina.core.StandardEngine    : Starting Servlet engine: [Apache Tomcat/10.1.50]
2026-02-01T10:56:51.670+05:30  INFO 32936 --- [music-streaming-backend] [restartedMain] o.a.c.c.C.[Tomcat].[localhost].[/]       : Initializing Spring embedded WebApplicationContext
2026-02-01T10:56:51.670+05:30  INFO 32936 --- [music-streaming-backend] [restartedMain] w.s.c.ServletWebServerApplicationContext : Root WebApplicationContext: initialization completed in 1029 ms
2026-02-01T10:56:51.811+05:30  INFO 32936 --- [music-streaming-backend] [restartedMain] o.hibernate.jpa.internal.util.LogHelper  : HHH000204: Processing PersistenceUnitInfo [name: default]
2026-02-01T10:56:51.814+05:30  INFO 32936 --- [music-streaming-backend] [restartedMain] o.h.c.internal.RegionFactoryInitiator    : HHH000026: Second-level cache disabled
2026-02-01T10:56:51.828+05:30  INFO 32936 --- [music-streaming-backend] [restartedMain] o.s.o.j.p.SpringPersistenceUnitInfo      : No LoadTimeWeaver setup: ignoring JPA class transformer
2026-02-01T10:56:51.829+05:30  INFO 32936 --- [music-streaming-backend] [restartedMain] com.zaxxer.hikari.HikariDataSource       : HikariPool-6 - Starting...
2026-02-01T10:56:51.860+05:30  INFO 32936 --- [music-streaming-backend] [restartedMain] com.zaxxer.hikari.pool.HikariPool        : HikariPool-6 - Added connection com.mysql.cj.jdbc.ConnectionImpl@3df5e5c8
2026-02-01T10:56:51.861+05:30  INFO 32936 --- [music-streaming-backend] [restartedMain] com.zaxxer.hikari.HikariDataSource       : HikariPool-6 - Start completed.
2026-02-01T10:56:51.863+05:30  WARN 32936 --- [music-streaming-backend] [restartedMain] org.hibernate.orm.deprecation            : HHH90000025: MySQLDialect does not need to be specified explicitly using 'hibernate.dialect' (remove the property setting and it will be selected by default)
2026-02-01T10:56:51.864+05:30  INFO 32936 --- [music-streaming-backend] [restartedMain] org.hibernate.orm.connections.pooling    : HHH10001005: Database info:
	Database JDBC URL [Connecting through datasource 'HikariDataSource (HikariPool-6)']
	Database driver: undefined/unknown
	Database version: 8.4.6
	Autocommit mode: undefined/unknown
	Isolation level: undefined/unknown
	Minimum pool size: undefined/unknown
	Maximum pool size: undefined/unknown
2026-02-01T10:56:51.981+05:30  INFO 32936 --- [music-streaming-backend] [restartedMain] o.h.e.t.j.p.i.JtaPlatformInitiator       : HHH000489: No JTA platform available (set 'hibernate.transaction.jta.platform' to enable JTA platform integration)
2026-02-01T10:56:52.142+05:30  INFO 32936 --- [music-streaming-backend] [restartedMain] j.LocalContainerEntityManagerFactoryBean : Initialized JPA EntityManagerFactory for persistence unit 'default'
2026-02-01T10:56:52.360+05:30  WARN 32936 --- [music-streaming-backend] [restartedMain] JpaBaseConfiguration$JpaWebConfiguration : spring.jpa.open-in-view is enabled by default. Therefore, database queries may be performed during view rendering. Explicitly configure spring.jpa.open-in-view to disable this warning
2026-02-01T10:56:52.384+05:30  INFO 32936 --- [music-streaming-backend] [restartedMain] r$InitializeUserDetailsManagerConfigurer : Global AuthenticationManager configured with UserDetailsService bean with name customUserDetailsService
2026-02-01T10:56:52.863+05:30  INFO 32936 --- [music-streaming-backend] [restartedMain] o.s.b.a.e.web.EndpointLinksResolver      : Exposing 1 endpoint beneath base path '/actuator'
2026-02-01T10:56:53.297+05:30  INFO 32936 --- [music-streaming-backend] [restartedMain] o.s.b.d.a.OptionalLiveReloadServer       : LiveReload server is running on port 35729
2026-02-01T10:56:53.342+05:30  INFO 32936 --- [music-streaming-backend] [restartedMain] o.s.b.w.embedded.tomcat.TomcatWebServer  : Tomcat started on port 8080 (http) with context path '/'
2026-02-01T10:56:53.354+05:30  INFO 32936 --- [music-streaming-backend] [restartedMain] c.b.MusicStreamingBackendApplication     : Started MusicStreamingBackendApplication in 2.796 seconds (process running for 757.564)
2026-02-01T10:56:53.407+05:30  INFO 32936 --- [music-streaming-backend] [restartedMain] .ConditionEvaluationDeltaLoggingListener : Condition evaluation unchanged
2026-02-01T10:56:54.743+05:30  INFO 32936 --- [music-streaming-backend] [File Watcher] rtingClassPathChangeChangedEventListener : Restarting due to 3 class path changes (0 additions, 0 deletions, 3 modifications)
2026-02-01T10:56:54.746+05:30  INFO 32936 --- [music-streaming-backend] [Thread-83] o.s.b.w.e.tomcat.GracefulShutdown        : Commencing graceful shutdown. Waiting for active requests to complete
2026-02-01T10:56:54.758+05:30  INFO 32936 --- [music-streaming-backend] [tomcat-shutdown] o.s.b.w.e.tomcat.GracefulShutdown        : Graceful shutdown complete
2026-02-01T10:56:54.763+05:30  INFO 32936 --- [music-streaming-backend] [Thread-83] j.LocalContainerEntityManagerFactoryBean : Closing JPA EntityManagerFactory for persistence unit 'default'
2026-02-01T10:56:54.764+05:30  INFO 32936 --- [music-streaming-backend] [Thread-83] com.zaxxer.hikari.HikariDataSource       : HikariPool-6 - Shutdown initiated...
2026-02-01T10:56:54.767+05:30  INFO 32936 --- [music-streaming-backend] [Thread-83] com.zaxxer.hikari.HikariDataSource       : HikariPool-6 - Shutdown completed.
2026-02-01T10:56:54.847+05:30  INFO 32936 --- [music-streaming-backend] [restartedMain] c.b.MusicStreamingBackendApplication     : Starting MusicStreamingBackendApplication using Java 21.0.6 with PID 32936 (D:\sunbeam\Minproject\new music_streaming\music-streaming-backend\target\classes started by Admin in D:\sunbeam\Minproject\new music_streaming\music-streaming-backend)
2026-02-01T10:56:54.847+05:30  INFO 32936 --- [music-streaming-backend] [restartedMain] c.b.MusicStreamingBackendApplication     : No active profile set, falling back to 1 default profile: "default"
2026-02-01T10:56:55.204+05:30  INFO 32936 --- [music-streaming-backend] [restartedMain] .s.d.r.c.RepositoryConfigurationDelegate : Bootstrapping Spring Data JPA repositories in DEFAULT mode.
2026-02-01T10:56:55.232+05:30  INFO 32936 --- [music-streaming-backend] [restartedMain] .s.d.r.c.RepositoryConfigurationDelegate : Finished Spring Data repository scanning in 27 ms. Found 6 JPA repository interfaces.
2026-02-01T10:56:55.380+05:30  INFO 32936 --- [music-streaming-backend] [restartedMain] o.s.b.w.embedded.tomcat.TomcatWebServer  : Tomcat initialized with port 8080 (http)
2026-02-01T10:56:55.381+05:30  INFO 32936 --- [music-streaming-backend] [restartedMain] o.apache.catalina.core.StandardService   : Starting service [Tomcat]
2026-02-01T10:56:55.381+05:30  INFO 32936 --- [music-streaming-backend] [restartedMain] o.apache.catalina.core.StandardEngine    : Starting Servlet engine: [Apache Tomcat/10.1.50]
2026-02-01T10:56:55.406+05:30  INFO 32936 --- [music-streaming-backend] [restartedMain] o.a.c.c.C.[Tomcat].[localhost].[/]       : Initializing Spring embedded WebApplicationContext
2026-02-01T10:56:55.406+05:30  INFO 32936 --- [music-streaming-backend] [restartedMain] w.s.c.ServletWebServerApplicationContext : Root WebApplicationContext: initialization completed in 557 ms
2026-02-01T10:56:55.517+05:30  INFO 32936 --- [music-streaming-backend] [restartedMain] o.hibernate.jpa.internal.util.LogHelper  : HHH000204: Processing PersistenceUnitInfo [name: default]
2026-02-01T10:56:55.518+05:30  INFO 32936 --- [music-streaming-backend] [restartedMain] o.h.c.internal.RegionFactoryInitiator    : HHH000026: Second-level cache disabled
2026-02-01T10:56:55.526+05:30  INFO 32936 --- [music-streaming-backend] [restartedMain] o.s.o.j.p.SpringPersistenceUnitInfo      : No LoadTimeWeaver setup: ignoring JPA class transformer
2026-02-01T10:56:55.527+05:30  INFO 32936 --- [music-streaming-backend] [restartedMain] com.zaxxer.hikari.HikariDataSource       : HikariPool-7 - Starting...
2026-02-01T10:56:55.540+05:30  INFO 32936 --- [music-streaming-backend] [restartedMain] com.zaxxer.hikari.pool.HikariPool        : HikariPool-7 - Added connection com.mysql.cj.jdbc.ConnectionImpl@6ac38448
2026-02-01T10:56:55.540+05:30  INFO 32936 --- [music-streaming-backend] [restartedMain] com.zaxxer.hikari.HikariDataSource       : HikariPool-7 - Start completed.
2026-02-01T10:56:55.542+05:30  WARN 32936 --- [music-streaming-backend] [restartedMain] org.hibernate.orm.deprecation            : HHH90000025: MySQLDialect does not need to be specified explicitly using 'hibernate.dialect' (remove the property setting and it will be selected by default)
2026-02-01T10:56:55.542+05:30  INFO 32936 --- [music-streaming-backend] [restartedMain] org.hibernate.orm.connections.pooling    : HHH10001005: Database info:
	Database JDBC URL [Connecting through datasource 'HikariDataSource (HikariPool-7)']
	Database driver: undefined/unknown
	Database version: 8.4.6
	Autocommit mode: undefined/unknown
	Isolation level: undefined/unknown
	Minimum pool size: undefined/unknown
	Maximum pool size: undefined/unknown
2026-02-01T10:56:55.628+05:30  INFO 32936 --- [music-streaming-backend] [restartedMain] o.h.e.t.j.p.i.JtaPlatformInitiator       : HHH000489: No JTA platform available (set 'hibernate.transaction.jta.platform' to enable JTA platform integration)
2026-02-01T10:56:55.735+05:30  INFO 32936 --- [music-streaming-backend] [restartedMain] j.LocalContainerEntityManagerFactoryBean : Initialized JPA EntityManagerFactory for persistence unit 'default'
2026-02-01T10:56:55.911+05:30  WARN 32936 --- [music-streaming-backend] [restartedMain] JpaBaseConfiguration$JpaWebConfiguration : spring.jpa.open-in-view is enabled by default. Therefore, database queries may be performed during view rendering. Explicitly configure spring.jpa.open-in-view to disable this warning
2026-02-01T10:56:55.934+05:30  INFO 32936 --- [music-streaming-backend] [restartedMain] r$InitializeUserDetailsManagerConfigurer : Global AuthenticationManager configured with UserDetailsService bean with name customUserDetailsService
2026-02-01T10:56:56.267+05:30  INFO 32936 --- [music-streaming-backend] [restartedMain] o.s.b.a.e.web.EndpointLinksResolver      : Exposing 1 endpoint beneath base path '/actuator'
2026-02-01T10:56:56.535+05:30  INFO 32936 --- [music-streaming-backend] [restartedMain] o.s.b.d.a.OptionalLiveReloadServer       : LiveReload server is running on port 35729
2026-02-01T10:56:56.559+05:30  INFO 32936 --- [music-streaming-backend] [restartedMain] o.s.b.w.embedded.tomcat.TomcatWebServer  : Tomcat started on port 8080 (http) with context path '/'
2026-02-01T10:56:56.569+05:30  INFO 32936 --- [music-streaming-backend] [restartedMain] c.b.MusicStreamingBackendApplication     : Started MusicStreamingBackendApplication in 1.741 seconds (process running for 760.778)
2026-02-01T10:56:56.601+05:30  INFO 32936 --- [music-streaming-backend] [restartedMain] .ConditionEvaluationDeltaLoggingListener : Condition evaluation unchanged
2026-02-01T11:20:06.138+05:30  INFO 32936 --- [music-streaming-backend] [File Watcher] rtingClassPathChangeChangedEventListener : Restarting due to 2 class path changes (0 additions, 0 deletions, 2 modifications)
2026-02-01T11:20:06.144+05:30  INFO 32936 --- [music-streaming-backend] [Thread-99] o.s.b.w.e.tomcat.GracefulShutdown        : Commencing graceful shutdown. Waiting for active requests to complete
2026-02-01T11:20:06.165+05:30  INFO 32936 --- [music-streaming-backend] [tomcat-shutdown] o.s.b.w.e.tomcat.GracefulShutdown        : Graceful shutdown complete
2026-02-01T11:20:06.198+05:30  INFO 32936 --- [music-streaming-backend] [Thread-99] j.LocalContainerEntityManagerFactoryBean : Closing JPA EntityManagerFactory for persistence unit 'default'
2026-02-01T11:20:06.203+05:30  INFO 32936 --- [music-streaming-backend] [Thread-99] com.zaxxer.hikari.HikariDataSource       : HikariPool-7 - Shutdown initiated...
2026-02-01T11:20:06.217+05:30  INFO 32936 --- [music-streaming-backend] [Thread-99] com.zaxxer.hikari.HikariDataSource       : HikariPool-7 - Shutdown completed.
2026-02-01T11:20:06.400+05:30  INFO 32936 --- [music-streaming-backend] [restartedMain] c.b.MusicStreamingBackendApplication     : Starting MusicStreamingBackendApplication using Java 21.0.6 with PID 32936 (D:\sunbeam\Minproject\new music_streaming\music-streaming-backend\target\classes started by Admin in D:\sunbeam\Minproject\new music_streaming\music-streaming-backend)
2026-02-01T11:20:06.400+05:30  INFO 32936 --- [music-streaming-backend] [restartedMain] c.b.MusicStreamingBackendApplication     : No active profile set, falling back to 1 default profile: "default"
2026-02-01T11:20:08.111+05:30  INFO 32936 --- [music-streaming-backend] [restartedMain] .s.d.r.c.RepositoryConfigurationDelegate : Bootstrapping Spring Data JPA repositories in DEFAULT mode.
2026-02-01T11:20:08.152+05:30  INFO 32936 --- [music-streaming-backend] [restartedMain] .s.d.r.c.RepositoryConfigurationDelegate : Finished Spring Data repository scanning in 39 ms. Found 6 JPA repository interfaces.
2026-02-01T11:20:08.362+05:30  INFO 32936 --- [music-streaming-backend] [restartedMain] o.s.b.w.embedded.tomcat.TomcatWebServer  : Tomcat initialized with port 8080 (http)
2026-02-01T11:20:08.366+05:30  INFO 32936 --- [music-streaming-backend] [restartedMain] o.apache.catalina.core.StandardService   : Starting service [Tomcat]
2026-02-01T11:20:08.366+05:30  INFO 32936 --- [music-streaming-backend] [restartedMain] o.apache.catalina.core.StandardEngine    : Starting Servlet engine: [Apache Tomcat/10.1.50]
2026-02-01T11:20:08.397+05:30  INFO 32936 --- [music-streaming-backend] [restartedMain] o.a.c.c.C.[Tomcat].[localhost].[/]       : Initializing Spring embedded WebApplicationContext
2026-02-01T11:20:08.397+05:30  INFO 32936 --- [music-streaming-backend] [restartedMain] w.s.c.ServletWebServerApplicationContext : Root WebApplicationContext: initialization completed in 1994 ms
2026-02-01T11:20:08.573+05:30  INFO 32936 --- [music-streaming-backend] [restartedMain] o.hibernate.jpa.internal.util.LogHelper  : HHH000204: Processing PersistenceUnitInfo [name: default]
2026-02-01T11:20:08.576+05:30  INFO 32936 --- [music-streaming-backend] [restartedMain] o.h.c.internal.RegionFactoryInitiator    : HHH000026: Second-level cache disabled
2026-02-01T11:20:08.588+05:30  INFO 32936 --- [music-streaming-backend] [restartedMain] o.s.o.j.p.SpringPersistenceUnitInfo      : No LoadTimeWeaver setup: ignoring JPA class transformer
2026-02-01T11:20:08.589+05:30  INFO 32936 --- [music-streaming-backend] [restartedMain] com.zaxxer.hikari.HikariDataSource       : HikariPool-8 - Starting...
2026-02-01T11:20:08.677+05:30  INFO 32936 --- [music-streaming-backend] [restartedMain] com.zaxxer.hikari.pool.HikariPool        : HikariPool-8 - Added connection com.mysql.cj.jdbc.ConnectionImpl@19b4aa16
2026-02-01T11:20:08.678+05:30  INFO 32936 --- [music-streaming-backend] [restartedMain] com.zaxxer.hikari.HikariDataSource       : HikariPool-8 - Start completed.
2026-02-01T11:20:08.680+05:30  WARN 32936 --- [music-streaming-backend] [restartedMain] org.hibernate.orm.deprecation            : HHH90000025: MySQLDialect does not need to be specified explicitly using 'hibernate.dialect' (remove the property setting and it will be selected by default)
2026-02-01T11:20:08.680+05:30  INFO 32936 --- [music-streaming-backend] [restartedMain] org.hibernate.orm.connections.pooling    : HHH10001005: Database info:
	Database JDBC URL [Connecting through datasource 'HikariDataSource (HikariPool-8)']
	Database driver: undefined/unknown
	Database version: 8.4.6
	Autocommit mode: undefined/unknown
	Isolation level: undefined/unknown
	Minimum pool size: undefined/unknown
	Maximum pool size: undefined/unknown
2026-02-01T11:20:08.785+05:30  INFO 32936 --- [music-streaming-backend] [restartedMain] o.h.e.t.j.p.i.JtaPlatformInitiator       : HHH000489: No JTA platform available (set 'hibernate.transaction.jta.platform' to enable JTA platform integration)
2026-02-01T11:20:09.038+05:30  INFO 32936 --- [music-streaming-backend] [restartedMain] j.LocalContainerEntityManagerFactoryBean : Initialized JPA EntityManagerFactory for persistence unit 'default'
2026-02-01T11:20:09.274+05:30  WARN 32936 --- [music-streaming-backend] [restartedMain] JpaBaseConfiguration$JpaWebConfiguration : spring.jpa.open-in-view is enabled by default. Therefore, database queries may be performed during view rendering. Explicitly configure spring.jpa.open-in-view to disable this warning
2026-02-01T11:20:09.300+05:30  INFO 32936 --- [music-streaming-backend] [restartedMain] r$InitializeUserDetailsManagerConfigurer : Global AuthenticationManager configured with UserDetailsService bean with name customUserDetailsService
2026-02-01T11:20:09.725+05:30  INFO 32936 --- [music-streaming-backend] [restartedMain] o.s.b.a.e.web.EndpointLinksResolver      : Exposing 1 endpoint beneath base path '/actuator'
2026-02-01T11:20:10.095+05:30  INFO 32936 --- [music-streaming-backend] [restartedMain] o.s.b.d.a.OptionalLiveReloadServer       : LiveReload server is running on port 35729
2026-02-01T11:20:10.126+05:30  INFO 32936 --- [music-streaming-backend] [restartedMain] o.s.b.w.embedded.tomcat.TomcatWebServer  : Tomcat started on port 8080 (http) with context path '/'
2026-02-01T11:20:10.134+05:30  INFO 32936 --- [music-streaming-backend] [restartedMain] c.b.MusicStreamingBackendApplication     : Started MusicStreamingBackendApplication in 3.788 seconds (process running for 2154.343)
2026-02-01T11:20:10.181+05:30  INFO 32936 --- [music-streaming-backend] [restartedMain] .ConditionEvaluationDeltaLoggingListener : Condition evaluation unchanged
2026-02-01T11:20:13.608+05:30  INFO 32936 --- [music-streaming-backend] [File Watcher] rtingClassPathChangeChangedEventListener : Restarting due to 2 class path changes (0 additions, 0 deletions, 2 modifications)
2026-02-01T11:20:13.610+05:30  INFO 32936 --- [music-streaming-backend] [Thread-115] o.s.b.w.e.tomcat.GracefulShutdown        : Commencing graceful shutdown. Waiting for active requests to complete
2026-02-01T11:20:13.622+05:30  INFO 32936 --- [music-streaming-backend] [tomcat-shutdown] o.s.b.w.e.tomcat.GracefulShutdown        : Graceful shutdown complete
2026-02-01T11:20:13.628+05:30  INFO 32936 --- [music-streaming-backend] [Thread-115] j.LocalContainerEntityManagerFactoryBean : Closing JPA EntityManagerFactory for persistence unit 'default'
2026-02-01T11:20:13.628+05:30  INFO 32936 --- [music-streaming-backend] [Thread-115] com.zaxxer.hikari.HikariDataSource       : HikariPool-8 - Shutdown initiated...
2026-02-01T11:20:13.632+05:30  INFO 32936 --- [music-streaming-backend] [Thread-115] com.zaxxer.hikari.HikariDataSource       : HikariPool-8 - Shutdown completed.
2026-02-01T11:20:13.706+05:30  INFO 32936 --- [music-streaming-backend] [restartedMain] c.b.MusicStreamingBackendApplication     : Starting MusicStreamingBackendApplication using Java 21.0.6 with PID 32936 (D:\sunbeam\Minproject\new music_streaming\music-streaming-backend\target\classes started by Admin in D:\sunbeam\Minproject\new music_streaming\music-streaming-backend)
2026-02-01T11:20:13.707+05:30  INFO 32936 --- [music-streaming-backend] [restartedMain] c.b.MusicStreamingBackendApplication     : No active profile set, falling back to 1 default profile: "default"
2026-02-01T11:20:14.098+05:30  INFO 32936 --- [music-streaming-backend] [restartedMain] .s.d.r.c.RepositoryConfigurationDelegate : Bootstrapping Spring Data JPA repositories in DEFAULT mode.
2026-02-01T11:20:14.125+05:30  INFO 32936 --- [music-streaming-backend] [restartedMain] .s.d.r.c.RepositoryConfigurationDelegate : Finished Spring Data repository scanning in 26 ms. Found 6 JPA repository interfaces.
2026-02-01T11:20:14.253+05:30  INFO 32936 --- [music-streaming-backend] [restartedMain] o.s.b.w.embedded.tomcat.TomcatWebServer  : Tomcat initialized with port 8080 (http)
2026-02-01T11:20:14.254+05:30  INFO 32936 --- [music-streaming-backend] [restartedMain] o.apache.catalina.core.StandardService   : Starting service [Tomcat]
2026-02-01T11:20:14.254+05:30  INFO 32936 --- [music-streaming-backend] [restartedMain] o.apache.catalina.core.StandardEngine    : Starting Servlet engine: [Apache Tomcat/10.1.50]
2026-02-01T11:20:14.279+05:30  INFO 32936 --- [music-streaming-backend] [restartedMain] o.a.c.c.C.[Tomcat].[localhost].[/]       : Initializing Spring embedded WebApplicationContext
2026-02-01T11:20:14.279+05:30  INFO 32936 --- [music-streaming-backend] [restartedMain] w.s.c.ServletWebServerApplicationContext : Root WebApplicationContext: initialization completed in 571 ms
2026-02-01T11:20:14.413+05:30  INFO 32936 --- [music-streaming-backend] [restartedMain] o.hibernate.jpa.internal.util.LogHelper  : HHH000204: Processing PersistenceUnitInfo [name: default]
2026-02-01T11:20:14.414+05:30  INFO 32936 --- [music-streaming-backend] [restartedMain] o.h.c.internal.RegionFactoryInitiator    : HHH000026: Second-level cache disabled
2026-02-01T11:20:14.422+05:30  INFO 32936 --- [music-streaming-backend] [restartedMain] o.s.o.j.p.SpringPersistenceUnitInfo      : No LoadTimeWeaver setup: ignoring JPA class transformer
2026-02-01T11:20:14.423+05:30  INFO 32936 --- [music-streaming-backend] [restartedMain] com.zaxxer.hikari.HikariDataSource       : HikariPool-9 - Starting...
2026-02-01T11:20:14.433+05:30  INFO 32936 --- [music-streaming-backend] [restartedMain] com.zaxxer.hikari.pool.HikariPool        : HikariPool-9 - Added connection com.mysql.cj.jdbc.ConnectionImpl@4657008
2026-02-01T11:20:14.433+05:30  INFO 32936 --- [music-streaming-backend] [restartedMain] com.zaxxer.hikari.HikariDataSource       : HikariPool-9 - Start completed.
2026-02-01T11:20:14.436+05:30  WARN 32936 --- [music-streaming-backend] [restartedMain] org.hibernate.orm.deprecation            : HHH90000025: MySQLDialect does not need to be specified explicitly using 'hibernate.dialect' (remove the property setting and it will be selected by default)
2026-02-01T11:20:14.436+05:30  INFO 32936 --- [music-streaming-backend] [restartedMain] org.hibernate.orm.connections.pooling    : HHH10001005: Database info:
	Database JDBC URL [Connecting through datasource 'HikariDataSource (HikariPool-9)']
	Database driver: undefined/unknown
	Database version: 8.4.6
	Autocommit mode: undefined/unknown
	Isolation level: undefined/unknown
	Minimum pool size: undefined/unknown
	Maximum pool size: undefined/unknown
2026-02-01T11:20:14.527+05:30  INFO 32936 --- [music-streaming-backend] [restartedMain] o.h.e.t.j.p.i.JtaPlatformInitiator       : HHH000489: No JTA platform available (set 'hibernate.transaction.jta.platform' to enable JTA platform integration)
2026-02-01T11:20:14.623+05:30  INFO 32936 --- [music-streaming-backend] [restartedMain] j.LocalContainerEntityManagerFactoryBean : Initialized JPA EntityManagerFactory for persistence unit 'default'
2026-02-01T11:20:14.811+05:30  WARN 32936 --- [music-streaming-backend] [restartedMain] JpaBaseConfiguration$JpaWebConfiguration : spring.jpa.open-in-view is enabled by default. Therefore, database queries may be performed during view rendering. Explicitly configure spring.jpa.open-in-view to disable this warning
2026-02-01T11:20:14.839+05:30  INFO 32936 --- [music-streaming-backend] [restartedMain] r$InitializeUserDetailsManagerConfigurer : Global AuthenticationManager configured with UserDetailsService bean with name customUserDetailsService
2026-02-01T11:20:15.214+05:30  INFO 32936 --- [music-streaming-backend] [restartedMain] o.s.b.a.e.web.EndpointLinksResolver      : Exposing 1 endpoint beneath base path '/actuator'
2026-02-01T11:20:15.471+05:30  INFO 32936 --- [music-streaming-backend] [restartedMain] o.s.b.d.a.OptionalLiveReloadServer       : LiveReload server is running on port 35729
2026-02-01T11:20:15.495+05:30  INFO 32936 --- [music-streaming-backend] [restartedMain] o.s.b.w.embedded.tomcat.TomcatWebServer  : Tomcat started on port 8080 (http) with context path '/'
2026-02-01T11:20:15.504+05:30  INFO 32936 --- [music-streaming-backend] [restartedMain] c.b.MusicStreamingBackendApplication     : Started MusicStreamingBackendApplication in 1.814 seconds (process running for 2159.713)
2026-02-01T11:20:15.533+05:30  INFO 32936 --- [music-streaming-backend] [restartedMain] .ConditionEvaluationDeltaLoggingListener : Condition evaluation unchanged
2026-02-01T11:20:31.717+05:30  INFO 32936 --- [music-streaming-backend] [File Watcher] rtingClassPathChangeChangedEventListener : Restarting due to 1 class path change (0 additions, 0 deletions, 1 modification)
2026-02-01T11:20:31.719+05:30  INFO 32936 --- [music-streaming-backend] [Thread-131] o.s.b.w.e.tomcat.GracefulShutdown        : Commencing graceful shutdown. Waiting for active requests to complete
2026-02-01T11:20:31.731+05:30  INFO 32936 --- [music-streaming-backend] [tomcat-shutdown] o.s.b.w.e.tomcat.GracefulShutdown        : Graceful shutdown complete
2026-02-01T11:20:31.735+05:30  INFO 32936 --- [music-streaming-backend] [Thread-131] j.LocalContainerEntityManagerFactoryBean : Closing JPA EntityManagerFactory for persistence unit 'default'
2026-02-01T11:20:31.735+05:30  INFO 32936 --- [music-streaming-backend] [Thread-131] com.zaxxer.hikari.HikariDataSource       : HikariPool-9 - Shutdown initiated...
2026-02-01T11:20:31.740+05:30  INFO 32936 --- [music-streaming-backend] [Thread-131] com.zaxxer.hikari.HikariDataSource       : HikariPool-9 - Shutdown completed.
2026-02-01T11:20:31.815+05:30  INFO 32936 --- [music-streaming-backend] [restartedMain] c.b.MusicStreamingBackendApplication     : Starting MusicStreamingBackendApplication using Java 21.0.6 with PID 32936 (D:\sunbeam\Minproject\new music_streaming\music-streaming-backend\target\classes started by Admin in D:\sunbeam\Minproject\new music_streaming\music-streaming-backend)
2026-02-01T11:20:31.815+05:30  INFO 32936 --- [music-streaming-backend] [restartedMain] c.b.MusicStreamingBackendApplication     : No active profile set, falling back to 1 default profile: "default"
2026-02-01T11:20:32.180+05:30  INFO 32936 --- [music-streaming-backend] [restartedMain] .s.d.r.c.RepositoryConfigurationDelegate : Bootstrapping Spring Data JPA repositories in DEFAULT mode.
2026-02-01T11:20:32.209+05:30  INFO 32936 --- [music-streaming-backend] [restartedMain] .s.d.r.c.RepositoryConfigurationDelegate : Finished Spring Data repository scanning in 28 ms. Found 6 JPA repository interfaces.
2026-02-01T11:20:32.338+05:30  INFO 32936 --- [music-streaming-backend] [restartedMain] o.s.b.w.embedded.tomcat.TomcatWebServer  : Tomcat initialized with port 8080 (http)
2026-02-01T11:20:32.338+05:30  INFO 32936 --- [music-streaming-backend] [restartedMain] o.apache.catalina.core.StandardService   : Starting service [Tomcat]
2026-02-01T11:20:32.338+05:30  INFO 32936 --- [music-streaming-backend] [restartedMain] o.apache.catalina.core.StandardEngine    : Starting Servlet engine: [Apache Tomcat/10.1.50]
2026-02-01T11:20:32.363+05:30  INFO 32936 --- [music-streaming-backend] [restartedMain] o.a.c.c.C.[Tomcat].[localhost].[/]       : Initializing Spring embedded WebApplicationContext
2026-02-01T11:20:32.364+05:30  INFO 32936 --- [music-streaming-backend] [restartedMain] w.s.c.ServletWebServerApplicationContext : Root WebApplicationContext: initialization completed in 547 ms
2026-02-01T11:20:32.489+05:30  INFO 32936 --- [music-streaming-backend] [restartedMain] o.hibernate.jpa.internal.util.LogHelper  : HHH000204: Processing PersistenceUnitInfo [name: default]
2026-02-01T11:20:32.491+05:30  INFO 32936 --- [music-streaming-backend] [restartedMain] o.h.c.internal.RegionFactoryInitiator    : HHH000026: Second-level cache disabled
2026-02-01T11:20:32.500+05:30  INFO 32936 --- [music-streaming-backend] [restartedMain] o.s.o.j.p.SpringPersistenceUnitInfo      : No LoadTimeWeaver setup: ignoring JPA class transformer
2026-02-01T11:20:32.500+05:30  INFO 32936 --- [music-streaming-backend] [restartedMain] com.zaxxer.hikari.HikariDataSource       : HikariPool-10 - Starting...
2026-02-01T11:20:32.513+05:30  INFO 32936 --- [music-streaming-backend] [restartedMain] com.zaxxer.hikari.pool.HikariPool        : HikariPool-10 - Added connection com.mysql.cj.jdbc.ConnectionImpl@2016751f
2026-02-01T11:20:32.513+05:30  INFO 32936 --- [music-streaming-backend] [restartedMain] com.zaxxer.hikari.HikariDataSource       : HikariPool-10 - Start completed.
2026-02-01T11:20:32.514+05:30  WARN 32936 --- [music-streaming-backend] [restartedMain] org.hibernate.orm.deprecation            : HHH90000025: MySQLDialect does not need to be specified explicitly using 'hibernate.dialect' (remove the property setting and it will be selected by default)
2026-02-01T11:20:32.514+05:30  INFO 32936 --- [music-streaming-backend] [restartedMain] org.hibernate.orm.connections.pooling    : HHH10001005: Database info:
	Database JDBC URL [Connecting through datasource 'HikariDataSource (HikariPool-10)']
	Database driver: undefined/unknown
	Database version: 8.4.6
	Autocommit mode: undefined/unknown
	Isolation level: undefined/unknown
	Minimum pool size: undefined/unknown
	Maximum pool size: undefined/unknown
2026-02-01T11:20:32.596+05:30  INFO 32936 --- [music-streaming-backend] [restartedMain] o.h.e.t.j.p.i.JtaPlatformInitiator       : HHH000489: No JTA platform available (set 'hibernate.transaction.jta.platform' to enable JTA platform integration)
2026-02-01T11:20:32.686+05:30  INFO 32936 --- [music-streaming-backend] [restartedMain] j.LocalContainerEntityManagerFactoryBean : Initialized JPA EntityManagerFactory for persistence unit 'default'
2026-02-01T11:24:07.353+05:30  INFO 3404 --- [music-streaming-backend] [restartedMain] c.b.MusicStreamingBackendApplication     : Starting MusicStreamingBackendApplication using Java 21.0.6 with PID 3404 (D:\sunbeam\Minproject\new music_streaming\music-streaming-backend\target\classes started by Admin in D:\sunbeam\Minproject\new music_streaming\music-streaming-backend)
2026-02-01T11:24:07.355+05:30  INFO 3404 --- [music-streaming-backend] [restartedMain] c.b.MusicStreamingBackendApplication     : No active profile set, falling back to 1 default profile: "default"
2026-02-01T11:24:07.404+05:30  INFO 3404 --- [music-streaming-backend] [restartedMain] .e.DevToolsPropertyDefaultsPostProcessor : Devtools property defaults active! Set 'spring.devtools.add-properties' to 'false' to disable
2026-02-01T11:24:07.405+05:30  INFO 3404 --- [music-streaming-backend] [restartedMain] .e.DevToolsPropertyDefaultsPostProcessor : For additional web related logging consider setting the 'logging.level.web' property to 'DEBUG'
2026-02-01T11:24:09.161+05:30  INFO 3404 --- [music-streaming-backend] [restartedMain] .s.d.r.c.RepositoryConfigurationDelegate : Bootstrapping Spring Data JPA repositories in DEFAULT mode.
2026-02-01T11:24:09.407+05:30  INFO 3404 --- [music-streaming-backend] [restartedMain] .s.d.r.c.RepositoryConfigurationDelegate : Finished Spring Data repository scanning in 233 ms. Found 6 JPA repository interfaces.
2026-02-01T11:24:10.206+05:30  INFO 3404 --- [music-streaming-backend] [restartedMain] o.s.b.w.embedded.tomcat.TomcatWebServer  : Tomcat initialized with port 8080 (http)
2026-02-01T11:24:10.226+05:30  INFO 3404 --- [music-streaming-backend] [restartedMain] o.apache.catalina.core.StandardService   : Starting service [Tomcat]
2026-02-01T11:24:10.226+05:30  INFO 3404 --- [music-streaming-backend] [restartedMain] o.apache.catalina.core.StandardEngine    : Starting Servlet engine: [Apache Tomcat/10.1.50]
2026-02-01T11:24:10.291+05:30  INFO 3404 --- [music-streaming-backend] [restartedMain] o.a.c.c.C.[Tomcat].[localhost].[/]       : Initializing Spring embedded WebApplicationContext
2026-02-01T11:24:10.291+05:30  INFO 3404 --- [music-streaming-backend] [restartedMain] w.s.c.ServletWebServerApplicationContext : Root WebApplicationContext: initialization completed in 2886 ms
2026-02-01T11:24:10.651+05:30  INFO 3404 --- [music-streaming-backend] [restartedMain] o.hibernate.jpa.internal.util.LogHelper  : HHH000204: Processing PersistenceUnitInfo [name: default]
2026-02-01T11:24:10.731+05:30  INFO 3404 --- [music-streaming-backend] [restartedMain] org.hibernate.Version                    : HHH000412: Hibernate ORM core version 6.6.39.Final
2026-02-01T11:24:10.773+05:30  INFO 3404 --- [music-streaming-backend] [restartedMain] o.h.c.internal.RegionFactoryInitiator    : HHH000026: Second-level cache disabled
2026-02-01T11:24:11.061+05:30  INFO 3404 --- [music-streaming-backend] [restartedMain] o.s.o.j.p.SpringPersistenceUnitInfo      : No LoadTimeWeaver setup: ignoring JPA class transformer
2026-02-01T11:24:11.097+05:30  INFO 3404 --- [music-streaming-backend] [restartedMain] com.zaxxer.hikari.HikariDataSource       : HikariPool-1 - Starting...
2026-02-01T11:24:11.529+05:30  INFO 3404 --- [music-streaming-backend] [restartedMain] com.zaxxer.hikari.pool.HikariPool        : HikariPool-1 - Added connection com.mysql.cj.jdbc.ConnectionImpl@7bc56382
2026-02-01T11:24:11.531+05:30  INFO 3404 --- [music-streaming-backend] [restartedMain] com.zaxxer.hikari.HikariDataSource       : HikariPool-1 - Start completed.
2026-02-01T11:24:11.614+05:30  WARN 3404 --- [music-streaming-backend] [restartedMain] org.hibernate.orm.deprecation            : HHH90000025: MySQLDialect does not need to be specified explicitly using 'hibernate.dialect' (remove the property setting and it will be selected by default)
2026-02-01T11:24:11.634+05:30  INFO 3404 --- [music-streaming-backend] [restartedMain] org.hibernate.orm.connections.pooling    : HHH10001005: Database info:
	Database JDBC URL [Connecting through datasource 'HikariDataSource (HikariPool-1)']
	Database driver: undefined/unknown
	Database version: 8.4.6
	Autocommit mode: undefined/unknown
	Isolation level: undefined/unknown
	Minimum pool size: undefined/unknown
	Maximum pool size: undefined/unknown
2026-02-01T11:24:12.663+05:30  INFO 3404 --- [music-streaming-backend] [restartedMain] o.h.e.t.j.p.i.JtaPlatformInitiator       : HHH000489: No JTA platform available (set 'hibernate.transaction.jta.platform' to enable JTA platform integration)
2026-02-01T11:24:12.887+05:30  INFO 3404 --- [music-streaming-backend] [restartedMain] j.LocalContainerEntityManagerFactoryBean : Initialized JPA EntityManagerFactory for persistence unit 'default'
2026-02-01T11:24:13.321+05:30  INFO 3404 --- [music-streaming-backend] [restartedMain] o.s.d.j.r.query.QueryEnhancerFactory     : Hibernate is in classpath; If applicable, HQL parser will be used.
2026-02-01T11:24:13.890+05:30  WARN 3404 --- [music-streaming-backend] [restartedMain] JpaBaseConfiguration$JpaWebConfiguration : spring.jpa.open-in-view is enabled by default. Therefore, database queries may be performed during view rendering. Explicitly configure spring.jpa.open-in-view to disable this warning
2026-02-01T11:24:13.942+05:30  INFO 3404 --- [music-streaming-backend] [restartedMain] r$InitializeUserDetailsManagerConfigurer : Global AuthenticationManager configured with UserDetailsService bean with name customUserDetailsService
2026-02-01T11:24:15.031+05:30  INFO 3404 --- [music-streaming-backend] [restartedMain] o.s.b.a.e.web.EndpointLinksResolver      : Exposing 1 endpoint beneath base path '/actuator'
2026-02-01T11:24:15.650+05:30  INFO 3404 --- [music-streaming-backend] [restartedMain] o.s.b.d.a.OptionalLiveReloadServer       : LiveReload server is running on port 35729
2026-02-01T11:24:15.728+05:30  INFO 3404 --- [music-streaming-backend] [restartedMain] o.s.b.w.embedded.tomcat.TomcatWebServer  : Tomcat started on port 8080 (http) with context path '/'
2026-02-01T11:24:15.742+05:30  INFO 3404 --- [music-streaming-backend] [restartedMain] c.b.MusicStreamingBackendApplication     : Started MusicStreamingBackendApplication in 8.862 seconds (process running for 10.03)
2026-02-01T11:24:16.510+05:30  INFO 3404 --- [music-streaming-backend] [RMI TCP Connection(10)-127.0.0.1] o.a.c.c.C.[Tomcat].[localhost].[/]       : Initializing Spring DispatcherServlet 'dispatcherServlet'
2026-02-01T11:24:16.510+05:30  INFO 3404 --- [music-streaming-backend] [RMI TCP Connection(10)-127.0.0.1] o.s.web.servlet.DispatcherServlet        : Initializing Servlet 'dispatcherServlet'
2026-02-01T11:24:16.512+05:30  INFO 3404 --- [music-streaming-backend] [RMI TCP Connection(10)-127.0.0.1] o.s.web.servlet.DispatcherServlet        : Completed initialization in 1 ms
2026-02-01T11:24:37.423+05:30  INFO 3404 --- [music-streaming-backend] [RMI TCP Connection(13)-127.0.0.1] inMXBeanRegistrar$SpringApplicationAdmin : Application shutdown requested.
2026-02-01T11:24:37.425+05:30  INFO 3404 --- [music-streaming-backend] [RMI TCP Connection(13)-127.0.0.1] o.s.b.w.e.tomcat.GracefulShutdown        : Commencing graceful shutdown. Waiting for active requests to complete
2026-02-01T11:24:37.438+05:30  INFO 3404 --- [music-streaming-backend] [tomcat-shutdown] o.s.b.w.e.tomcat.GracefulShutdown        : Graceful shutdown complete
2026-02-01T11:24:37.475+05:30  INFO 3404 --- [music-streaming-backend] [RMI TCP Connection(13)-127.0.0.1] j.LocalContainerEntityManagerFactoryBean : Closing JPA EntityManagerFactory for persistence unit 'default'
2026-02-01T11:24:37.479+05:30  INFO 3404 --- [music-streaming-backend] [RMI TCP Connection(13)-127.0.0.1] com.zaxxer.hikari.HikariDataSource       : HikariPool-1 - Shutdown initiated...
2026-02-01T11:24:37.486+05:30  INFO 3404 --- [music-streaming-backend] [RMI TCP Connection(13)-127.0.0.1] com.zaxxer.hikari.HikariDataSource       : HikariPool-1 - Shutdown completed.
2026-02-10T20:24:04.082+05:30  INFO 13452 --- [music-streaming-backend] [restartedMain] c.b.MusicStreamingBackendApplication     : Starting MusicStreamingBackendApplication using Java 21.0.6 with PID 13452 (C:\Users\patil\Online-Music-Store\music-streaming-backend\target\classes started by patil in C:\Users\patil\Online-Music-Store\music-streaming-backend)
2026-02-10T20:24:04.085+05:30  INFO 13452 --- [music-streaming-backend] [restartedMain] c.b.MusicStreamingBackendApplication     : No active profile set, falling back to 1 default profile: "default"
2026-02-10T20:24:04.127+05:30  INFO 13452 --- [music-streaming-backend] [restartedMain] .e.DevToolsPropertyDefaultsPostProcessor : Devtools property defaults active! Set 'spring.devtools.add-properties' to 'false' to disable
2026-02-10T20:24:04.127+05:30  INFO 13452 --- [music-streaming-backend] [restartedMain] .e.DevToolsPropertyDefaultsPostProcessor : For additional web related logging consider setting the 'logging.level.web' property to 'DEBUG'
2026-02-10T20:24:06.938+05:30  INFO 13452 --- [music-streaming-backend] [restartedMain] .s.d.r.c.RepositoryConfigurationDelegate : Bootstrapping Spring Data JPA repositories in DEFAULT mode.
2026-02-10T20:24:07.063+05:30  INFO 13452 --- [music-streaming-backend] [restartedMain] .s.d.r.c.RepositoryConfigurationDelegate : Finished Spring Data repository scanning in 117 ms. Found 6 JPA repository interfaces.
2026-02-10T20:24:07.653+05:30  INFO 13452 --- [music-streaming-backend] [restartedMain] o.s.b.w.embedded.tomcat.TomcatWebServer  : Tomcat initialized with port 8080 (http)
2026-02-10T20:24:07.665+05:30  INFO 13452 --- [music-streaming-backend] [restartedMain] o.apache.catalina.core.StandardService   : Starting service [Tomcat]
2026-02-10T20:24:07.665+05:30  INFO 13452 --- [music-streaming-backend] [restartedMain] o.apache.catalina.core.StandardEngine    : Starting Servlet engine: [Apache Tomcat/10.1.50]
2026-02-10T20:24:07.713+05:30  INFO 13452 --- [music-streaming-backend] [restartedMain] o.a.c.c.C.[Tomcat].[localhost].[/]       : Initializing Spring embedded WebApplicationContext
2026-02-10T20:24:07.713+05:30  INFO 13452 --- [music-streaming-backend] [restartedMain] w.s.c.ServletWebServerApplicationContext : Root WebApplicationContext: initialization completed in 3585 ms
2026-02-10T20:24:07.964+05:30  INFO 13452 --- [music-streaming-backend] [restartedMain] o.hibernate.jpa.internal.util.LogHelper  : HHH000204: Processing PersistenceUnitInfo [name: default]
2026-02-10T20:24:08.008+05:30  INFO 13452 --- [music-streaming-backend] [restartedMain] org.hibernate.Version                    : HHH000412: Hibernate ORM core version 6.6.39.Final
2026-02-10T20:24:08.037+05:30  INFO 13452 --- [music-streaming-backend] [restartedMain] o.h.c.internal.RegionFactoryInitiator    : HHH000026: Second-level cache disabled
2026-02-10T20:24:08.277+05:30  INFO 13452 --- [music-streaming-backend] [restartedMain] o.s.o.j.p.SpringPersistenceUnitInfo      : No LoadTimeWeaver setup: ignoring JPA class transformer
2026-02-10T20:24:08.300+05:30  INFO 13452 --- [music-streaming-backend] [restartedMain] com.zaxxer.hikari.HikariDataSource       : HikariPool-1 - Starting...
2026-02-10T20:24:09.879+05:30  WARN 13452 --- [music-streaming-backend] [restartedMain] o.h.engine.jdbc.spi.SqlExceptionHelper   : SQL Error: 1524, SQLState: HY000
2026-02-10T20:24:09.880+05:30 ERROR 13452 --- [music-streaming-backend] [restartedMain] o.h.engine.jdbc.spi.SqlExceptionHelper   : Plugin 'mysql_native_password' is not loaded
2026-02-10T20:24:09.882+05:30  WARN 13452 --- [music-streaming-backend] [restartedMain] o.h.e.j.e.i.JdbcEnvironmentInitiator     : HHH000342: Could not obtain connection to query metadata

org.hibernate.exception.GenericJDBCException: unable to obtain isolated JDBC connection [Plugin 'mysql_native_password' is not loaded] [n/a]
	at org.hibernate.exception.internal.StandardSQLExceptionConverter.convert(StandardSQLExceptionConverter.java:63) ~[hibernate-core-6.6.39.Final.jar:6.6.39.Final]
	at org.hibernate.engine.jdbc.spi.SqlExceptionHelper.convert(SqlExceptionHelper.java:108) ~[hibernate-core-6.6.39.Final.jar:6.6.39.Final]
	at org.hibernate.engine.jdbc.spi.SqlExceptionHelper.convert(SqlExceptionHelper.java:94) ~[hibernate-core-6.6.39.Final.jar:6.6.39.Final]
	at org.hibernate.resource.transaction.backend.jdbc.internal.JdbcIsolationDelegate.delegateWork(JdbcIsolationDelegate.java:116) ~[hibernate-core-6.6.39.Final.jar:6.6.39.Final]
	at org.hibernate.engine.jdbc.env.internal.JdbcEnvironmentInitiator.getJdbcEnvironmentUsingJdbcMetadata(JdbcEnvironmentInitiator.java:334) ~[hibernate-core-6.6.39.Final.jar:6.6.39.Final]
	at org.hibernate.engine.jdbc.env.internal.JdbcEnvironmentInitiator.initiateService(JdbcEnvironmentInitiator.java:129) ~[hibernate-core-6.6.39.Final.jar:6.6.39.Final]
	at org.hibernate.engine.jdbc.env.internal.JdbcEnvironmentInitiator.initiateService(JdbcEnvironmentInitiator.java:81) ~[hibernate-core-6.6.39.Final.jar:6.6.39.Final]
	at org.hibernate.boot.registry.internal.StandardServiceRegistryImpl.initiateService(StandardServiceRegistryImpl.java:130) ~[hibernate-core-6.6.39.Final.jar:6.6.39.Final]
	at org.hibernate.service.internal.AbstractServiceRegistryImpl.createService(AbstractServiceRegistryImpl.java:263) ~[hibernate-core-6.6.39.Final.jar:6.6.39.Final]
	at org.hibernate.service.internal.AbstractServiceRegistryImpl.initializeService(AbstractServiceRegistryImpl.java:238) ~[hibernate-core-6.6.39.Final.jar:6.6.39.Final]
	at org.hibernate.service.internal.AbstractServiceRegistryImpl.getService(AbstractServiceRegistryImpl.java:215) ~[hibernate-core-6.6.39.Final.jar:6.6.39.Final]
	at org.hibernate.boot.model.relational.Database.<init>(Database.java:45) ~[hibernate-core-6.6.39.Final.jar:6.6.39.Final]
	at org.hibernate.boot.internal.InFlightMetadataCollectorImpl.getDatabase(InFlightMetadataCollectorImpl.java:226) ~[hibernate-core-6.6.39.Final.jar:6.6.39.Final]
	at org.hibernate.boot.internal.InFlightMetadataCollectorImpl.<init>(InFlightMetadataCollectorImpl.java:194) ~[hibernate-core-6.6.39.Final.jar:6.6.39.Final]
	at org.hibernate.boot.model.process.spi.MetadataBuildingProcess.complete(MetadataBuildingProcess.java:171) ~[hibernate-core-6.6.39.Final.jar:6.6.39.Final]
	at org.hibernate.jpa.boot.internal.EntityManagerFactoryBuilderImpl.metadata(EntityManagerFactoryBuilderImpl.java:1442) ~[hibernate-core-6.6.39.Final.jar:6.6.39.Final]
	at org.hibernate.jpa.boot.internal.EntityManagerFactoryBuilderImpl.build(EntityManagerFactoryBuilderImpl.java:1513) ~[hibernate-core-6.6.39.Final.jar:6.6.39.Final]
	at org.springframework.orm.jpa.vendor.SpringHibernateJpaPersistenceProvider.createContainerEntityManagerFactory(SpringHibernateJpaPersistenceProvider.java:66) ~[spring-orm-6.2.15.jar:6.2.15]
	at org.springframework.orm.jpa.LocalContainerEntityManagerFactoryBean.createNativeEntityManagerFactory(LocalContainerEntityManagerFactoryBean.java:390) ~[spring-orm-6.2.15.jar:6.2.15]
	at org.springframework.orm.jpa.AbstractEntityManagerFactoryBean.buildNativeEntityManagerFactory(AbstractEntityManagerFactoryBean.java:419) ~[spring-orm-6.2.15.jar:6.2.15]
	at org.springframework.orm.jpa.AbstractEntityManagerFactoryBean.afterPropertiesSet(AbstractEntityManagerFactoryBean.java:400) ~[spring-orm-6.2.15.jar:6.2.15]
	at org.springframework.orm.jpa.LocalContainerEntityManagerFactoryBean.afterPropertiesSet(LocalContainerEntityManagerFactoryBean.java:366) ~[spring-orm-6.2.15.jar:6.2.15]
	at org.springframework.beans.factory.support.AbstractAutowireCapableBeanFactory.invokeInitMethods(AbstractAutowireCapableBeanFactory.java:1873) ~[spring-beans-6.2.15.jar:6.2.15]
	at org.springframework.beans.factory.support.AbstractAutowireCapableBeanFactory.initializeBean(AbstractAutowireCapableBeanFactory.java:1822) ~[spring-beans-6.2.15.jar:6.2.15]
	at org.springframework.beans.factory.support.AbstractAutowireCapableBeanFactory.doCreateBean(AbstractAutowireCapableBeanFactory.java:607) ~[spring-beans-6.2.15.jar:6.2.15]
	at org.springframework.beans.factory.support.AbstractAutowireCapableBeanFactory.createBean(AbstractAutowireCapableBeanFactory.java:529) ~[spring-beans-6.2.15.jar:6.2.15]
	at org.springframework.beans.factory.support.AbstractBeanFactory.lambda$doGetBean$0(AbstractBeanFactory.java:339) ~[spring-beans-6.2.15.jar:6.2.15]
	at org.springframework.beans.factory.support.DefaultSingletonBeanRegistry.getSingleton(DefaultSingletonBeanRegistry.java:373) ~[spring-beans-6.2.15.jar:6.2.15]
	at org.springframework.beans.factory.support.AbstractBeanFactory.doGetBean(AbstractBeanFactory.java:337) ~[spring-beans-6.2.15.jar:6.2.15]
	at org.springframework.beans.factory.support.AbstractBeanFactory.getBean(AbstractBeanFactory.java:207) ~[spring-beans-6.2.15.jar:6.2.15]
	at org.springframework.context.support.AbstractApplicationContext.finishBeanFactoryInitialization(AbstractApplicationContext.java:973) ~[spring-context-6.2.15.jar:6.2.15]
	at org.springframework.context.support.AbstractApplicationContext.refresh(AbstractApplicationContext.java:627) ~[spring-context-6.2.15.jar:6.2.15]
	at org.springframework.boot.web.servlet.context.ServletWebServerApplicationContext.refresh(ServletWebServerApplicationContext.java:146) ~[spring-boot-3.5.9.jar:3.5.9]
	at org.springframework.boot.SpringApplication.refresh(SpringApplication.java:752) ~[spring-boot-3.5.9.jar:3.5.9]
	at org.springframework.boot.SpringApplication.refreshContext(SpringApplication.java:439) ~[spring-boot-3.5.9.jar:3.5.9]
	at org.springframework.boot.SpringApplication.run(SpringApplication.java:318) ~[spring-boot-3.5.9.jar:3.5.9]
	at org.springframework.boot.SpringApplication.run(SpringApplication.java:1361) ~[spring-boot-3.5.9.jar:3.5.9]
	at org.springframework.boot.SpringApplication.run(SpringApplication.java:1350) ~[spring-boot-3.5.9.jar:3.5.9]
	at com.backend.MusicStreamingBackendApplication.main(MusicStreamingBackendApplication.java:10) ~[classes/:na]
	at java.base/jdk.internal.reflect.DirectMethodHandleAccessor.invoke(DirectMethodHandleAccessor.java:103) ~[na:na]
	at java.base/java.lang.reflect.Method.invoke(Method.java:580) ~[na:na]
	at org.springframework.boot.devtools.restart.RestartLauncher.run(RestartLauncher.java:50) ~[spring-boot-devtools-3.5.9.jar:3.5.9]
Caused by: java.sql.SQLException: Plugin 'mysql_native_password' is not loaded
	at com.mysql.cj.jdbc.exceptions.SQLError.createSQLException(SQLError.java:121) ~[mysql-connector-j-9.5.0.jar:9.5.0]
	at com.mysql.cj.jdbc.exceptions.SQLExceptionsMapping.translateException(SQLExceptionsMapping.java:114) ~[mysql-connector-j-9.5.0.jar:9.5.0]
	at com.mysql.cj.jdbc.ConnectionImpl.createNewIO(ConnectionImpl.java:840) ~[mysql-connector-j-9.5.0.jar:9.5.0]
	at com.mysql.cj.jdbc.ConnectionImpl.<init>(ConnectionImpl.java:416) ~[mysql-connector-j-9.5.0.jar:9.5.0]
	at com.mysql.cj.jdbc.ConnectionImpl.getInstance(ConnectionImpl.java:237) ~[mysql-connector-j-9.5.0.jar:9.5.0]
	at com.mysql.cj.jdbc.NonRegisteringDriver.connect(NonRegisteringDriver.java:180) ~[mysql-connector-j-9.5.0.jar:9.5.0]
	at com.zaxxer.hikari.util.DriverDataSource.getConnection(DriverDataSource.java:144) ~[HikariCP-6.3.3.jar:na]
	at com.zaxxer.hikari.pool.PoolBase.newConnection(PoolBase.java:370) ~[HikariCP-6.3.3.jar:na]
	at com.zaxxer.hikari.pool.PoolBase.newPoolEntry(PoolBase.java:207) ~[HikariCP-6.3.3.jar:na]
	at com.zaxxer.hikari.pool.HikariPool.createPoolEntry(HikariPool.java:488) ~[HikariCP-6.3.3.jar:na]
	at com.zaxxer.hikari.pool.HikariPool.checkFailFast(HikariPool.java:576) ~[HikariCP-6.3.3.jar:na]
	at com.zaxxer.hikari.pool.HikariPool.<init>(HikariPool.java:97) ~[HikariCP-6.3.3.jar:na]
	at com.zaxxer.hikari.HikariDataSource.getConnection(HikariDataSource.java:111) ~[HikariCP-6.3.3.jar:na]
	at org.hibernate.engine.jdbc.connections.internal.DatasourceConnectionProviderImpl.getConnection(DatasourceConnectionProviderImpl.java:126) ~[hibernate-core-6.6.39.Final.jar:6.6.39.Final]
	at org.hibernate.engine.jdbc.env.internal.JdbcEnvironmentInitiator$ConnectionProviderJdbcConnectionAccess.obtainConnection(JdbcEnvironmentInitiator.java:485) ~[hibernate-core-6.6.39.Final.jar:6.6.39.Final]
	at org.hibernate.resource.transaction.backend.jdbc.internal.JdbcIsolationDelegate.delegateWork(JdbcIsolationDelegate.java:61) ~[hibernate-core-6.6.39.Final.jar:6.6.39.Final]
	... 38 common frames omitted

2026-02-10T20:24:09.902+05:30  WARN 13452 --- [music-streaming-backend] [restartedMain] org.hibernate.orm.deprecation            : HHH90000025: MySQLDialect does not need to be specified explicitly using 'hibernate.dialect' (remove the property setting and it will be selected by default)
2026-02-10T20:24:09.911+05:30  INFO 13452 --- [music-streaming-backend] [restartedMain] org.hibernate.orm.connections.pooling    : HHH10001005: Database info:
	Database JDBC URL [Connecting through datasource 'HikariDataSource (null)']
	Database driver: undefined/unknown
	Database version: 8.0
	Autocommit mode: undefined/unknown
	Isolation level: undefined/unknown
	Minimum pool size: undefined/unknown
	Maximum pool size: undefined/unknown
2026-02-10T20:24:10.766+05:30  INFO 13452 --- [music-streaming-backend] [restartedMain] o.h.e.t.j.p.i.JtaPlatformInitiator       : HHH000489: No JTA platform available (set 'hibernate.transaction.jta.platform' to enable JTA platform integration)
2026-02-10T20:24:10.787+05:30  INFO 13452 --- [music-streaming-backend] [restartedMain] com.zaxxer.hikari.HikariDataSource       : HikariPool-1 - Starting...
2026-02-10T20:24:11.808+05:30  WARN 13452 --- [music-streaming-backend] [restartedMain] o.h.engine.jdbc.spi.SqlExceptionHelper   : SQL Error: 1524, SQLState: HY000
2026-02-10T20:24:11.809+05:30 ERROR 13452 --- [music-streaming-backend] [restartedMain] o.h.engine.jdbc.spi.SqlExceptionHelper   : Plugin 'mysql_native_password' is not loaded
2026-02-10T20:24:11.814+05:30 ERROR 13452 --- [music-streaming-backend] [restartedMain] j.LocalContainerEntityManagerFactoryBean : Failed to initialize JPA EntityManagerFactory: [PersistenceUnit: default] Unable to build Hibernate SessionFactory; nested exception is org.hibernate.exception.GenericJDBCException: Unable to open JDBC Connection for DDL execution [Plugin 'mysql_native_password' is not loaded] [n/a]
2026-02-10T20:24:11.814+05:30  WARN 13452 --- [music-streaming-backend] [restartedMain] ConfigServletWebServerApplicationContext : Exception encountered during context initialization - cancelling refresh attempt: org.springframework.beans.factory.BeanCreationException: Error creating bean with name 'entityManagerFactory' defined in class path resource [org/springframework/boot/autoconfigure/orm/jpa/HibernateJpaConfiguration.class]: [PersistenceUnit: default] Unable to build Hibernate SessionFactory; nested exception is org.hibernate.exception.GenericJDBCException: Unable to open JDBC Connection for DDL execution [Plugin 'mysql_native_password' is not loaded] [n/a]
2026-02-10T20:24:11.818+05:30  INFO 13452 --- [music-streaming-backend] [restartedMain] o.apache.catalina.core.StandardService   : Stopping service [Tomcat]
2026-02-10T20:24:11.834+05:30  INFO 13452 --- [music-streaming-backend] [restartedMain] .s.b.a.l.ConditionEvaluationReportLogger : 

Error starting ApplicationContext. To display the condition evaluation report re-run your application with 'debug' enabled.
2026-02-10T20:24:11.855+05:30 ERROR 13452 --- [music-streaming-backend] [restartedMain] o.s.boot.SpringApplication               : Application run failed

org.springframework.beans.factory.BeanCreationException: Error creating bean with name 'entityManagerFactory' defined in class path resource [org/springframework/boot/autoconfigure/orm/jpa/HibernateJpaConfiguration.class]: [PersistenceUnit: default] Unable to build Hibernate SessionFactory; nested exception is org.hibernate.exception.GenericJDBCException: Unable to open JDBC Connection for DDL execution [Plugin 'mysql_native_password' is not loaded] [n/a]
	at org.springframework.beans.factory.support.AbstractAutowireCapableBeanFactory.initializeBean(AbstractAutowireCapableBeanFactory.java:1826) ~[spring-beans-6.2.15.jar:6.2.15]
	at org.springframework.beans.factory.support.AbstractAutowireCapableBeanFactory.doCreateBean(AbstractAutowireCapableBeanFactory.java:607) ~[spring-beans-6.2.15.jar:6.2.15]
	at org.springframework.beans.factory.support.AbstractAutowireCapableBeanFactory.createBean(AbstractAutowireCapableBeanFactory.java:529) ~[spring-beans-6.2.15.jar:6.2.15]
	at org.springframework.beans.factory.support.AbstractBeanFactory.lambda$doGetBean$0(AbstractBeanFactory.java:339) ~[spring-beans-6.2.15.jar:6.2.15]
	at org.springframework.beans.factory.support.DefaultSingletonBeanRegistry.getSingleton(DefaultSingletonBeanRegistry.java:373) ~[spring-beans-6.2.15.jar:6.2.15]
	at org.springframework.beans.factory.support.AbstractBeanFactory.doGetBean(AbstractBeanFactory.java:337) ~[spring-beans-6.2.15.jar:6.2.15]
	at org.springframework.beans.factory.support.AbstractBeanFactory.getBean(AbstractBeanFactory.java:207) ~[spring-beans-6.2.15.jar:6.2.15]
	at org.springframework.context.support.AbstractApplicationContext.finishBeanFactoryInitialization(AbstractApplicationContext.java:973) ~[spring-context-6.2.15.jar:6.2.15]
	at org.springframework.context.support.AbstractApplicationContext.refresh(AbstractApplicationContext.java:627) ~[spring-context-6.2.15.jar:6.2.15]
	at org.springframework.boot.web.servlet.context.ServletWebServerApplicationContext.refresh(ServletWebServerApplicationContext.java:146) ~[spring-boot-3.5.9.jar:3.5.9]
	at org.springframework.boot.SpringApplication.refresh(SpringApplication.java:752) ~[spring-boot-3.5.9.jar:3.5.9]
	at org.springframework.boot.SpringApplication.refreshContext(SpringApplication.java:439) ~[spring-boot-3.5.9.jar:3.5.9]
	at org.springframework.boot.SpringApplication.run(SpringApplication.java:318) ~[spring-boot-3.5.9.jar:3.5.9]
	at org.springframework.boot.SpringApplication.run(SpringApplication.java:1361) ~[spring-boot-3.5.9.jar:3.5.9]
	at org.springframework.boot.SpringApplication.run(SpringApplication.java:1350) ~[spring-boot-3.5.9.jar:3.5.9]
	at com.backend.MusicStreamingBackendApplication.main(MusicStreamingBackendApplication.java:10) ~[classes/:na]
	at java.base/jdk.internal.reflect.DirectMethodHandleAccessor.invoke(DirectMethodHandleAccessor.java:103) ~[na:na]
	at java.base/java.lang.reflect.Method.invoke(Method.java:580) ~[na:na]
	at org.springframework.boot.devtools.restart.RestartLauncher.run(RestartLauncher.java:50) ~[spring-boot-devtools-3.5.9.jar:3.5.9]
Caused by: jakarta.persistence.PersistenceException: [PersistenceUnit: default] Unable to build Hibernate SessionFactory; nested exception is org.hibernate.exception.GenericJDBCException: Unable to open JDBC Connection for DDL execution [Plugin 'mysql_native_password' is not loaded] [n/a]
	at org.springframework.orm.jpa.AbstractEntityManagerFactoryBean.buildNativeEntityManagerFactory(AbstractEntityManagerFactoryBean.java:431) ~[spring-orm-6.2.15.jar:6.2.15]
	at org.springframework.orm.jpa.AbstractEntityManagerFactoryBean.afterPropertiesSet(AbstractEntityManagerFactoryBean.java:400) ~[spring-orm-6.2.15.jar:6.2.15]
	at org.springframework.orm.jpa.LocalContainerEntityManagerFactoryBean.afterPropertiesSet(LocalContainerEntityManagerFactoryBean.java:366) ~[spring-orm-6.2.15.jar:6.2.15]
	at org.springframework.beans.factory.support.AbstractAutowireCapableBeanFactory.invokeInitMethods(AbstractAutowireCapableBeanFactory.java:1873) ~[spring-beans-6.2.15.jar:6.2.15]
	at org.springframework.beans.factory.support.AbstractAutowireCapableBeanFactory.initializeBean(AbstractAutowireCapableBeanFactory.java:1822) ~[spring-beans-6.2.15.jar:6.2.15]
	... 18 common frames omitted
Caused by: org.hibernate.exception.GenericJDBCException: Unable to open JDBC Connection for DDL execution [Plugin 'mysql_native_password' is not loaded] [n/a]
	at org.hibernate.exception.internal.StandardSQLExceptionConverter.convert(StandardSQLExceptionConverter.java:63) ~[hibernate-core-6.6.39.Final.jar:6.6.39.Final]
	at org.hibernate.engine.jdbc.spi.SqlExceptionHelper.convert(SqlExceptionHelper.java:108) ~[hibernate-core-6.6.39.Final.jar:6.6.39.Final]
	at org.hibernate.engine.jdbc.spi.SqlExceptionHelper.convert(SqlExceptionHelper.java:94) ~[hibernate-core-6.6.39.Final.jar:6.6.39.Final]
	at org.hibernate.resource.transaction.backend.jdbc.internal.DdlTransactionIsolatorNonJtaImpl.getIsolatedConnection(DdlTransactionIsolatorNonJtaImpl.java:74) ~[hibernate-core-6.6.39.Final.jar:6.6.39.Final]
	at org.hibernate.resource.transaction.backend.jdbc.internal.DdlTransactionIsolatorNonJtaImpl.getIsolatedConnection(DdlTransactionIsolatorNonJtaImpl.java:39) ~[hibernate-core-6.6.39.Final.jar:6.6.39.Final]
	at org.hibernate.tool.schema.internal.exec.ImprovedExtractionContextImpl.getJdbcConnection(ImprovedExtractionContextImpl.java:63) ~[hibernate-core-6.6.39.Final.jar:6.6.39.Final]
	at org.hibernate.tool.schema.internal.exec.ImprovedExtractionContextImpl.getJdbcDatabaseMetaData(ImprovedExtractionContextImpl.java:70) ~[hibernate-core-6.6.39.Final.jar:6.6.39.Final]
	at org.hibernate.tool.schema.extract.internal.InformationExtractorJdbcDatabaseMetaDataImpl.processTableResultSet(InformationExtractorJdbcDatabaseMetaDataImpl.java:65) ~[hibernate-core-6.6.39.Final.jar:6.6.39.Final]
	at org.hibernate.tool.schema.extract.internal.AbstractInformationExtractorImpl.getTables(AbstractInformationExtractorImpl.java:570) ~[hibernate-core-6.6.39.Final.jar:6.6.39.Final]
	at org.hibernate.tool.schema.extract.internal.DatabaseInformationImpl.getTablesInformation(DatabaseInformationImpl.java:122) ~[hibernate-core-6.6.39.Final.jar:6.6.39.Final]
	at org.hibernate.tool.schema.internal.GroupedSchemaMigratorImpl.performTablesMigration(GroupedSchemaMigratorImpl.java:72) ~[hibernate-core-6.6.39.Final.jar:6.6.39.Final]
	at org.hibernate.tool.schema.internal.AbstractSchemaMigrator.performMigration(AbstractSchemaMigrator.java:233) ~[hibernate-core-6.6.39.Final.jar:6.6.39.Final]
	at org.hibernate.tool.schema.internal.AbstractSchemaMigrator.doMigration(AbstractSchemaMigrator.java:112) ~[hibernate-core-6.6.39.Final.jar:6.6.39.Final]
	at org.hibernate.tool.schema.spi.SchemaManagementToolCoordinator.performDatabaseAction(SchemaManagementToolCoordinator.java:280) ~[hibernate-core-6.6.39.Final.jar:6.6.39.Final]
	at org.hibernate.tool.schema.spi.SchemaManagementToolCoordinator.lambda$process$5(SchemaManagementToolCoordinator.java:144) ~[hibernate-core-6.6.39.Final.jar:6.6.39.Final]
	at java.base/java.util.HashMap.forEach(HashMap.java:1429) ~[na:na]
	at org.hibernate.tool.schema.spi.SchemaManagementToolCoordinator.process(SchemaManagementToolCoordinator.java:141) ~[hibernate-core-6.6.39.Final.jar:6.6.39.Final]
	at org.hibernate.boot.internal.SessionFactoryObserverForSchemaExport.sessionFactoryCreated(SessionFactoryObserverForSchemaExport.java:37) ~[hibernate-core-6.6.39.Final.jar:6.6.39.Final]
	at org.hibernate.internal.SessionFactoryObserverChain.sessionFactoryCreated(SessionFactoryObserverChain.java:35) ~[hibernate-core-6.6.39.Final.jar:6.6.39.Final]
	at org.hibernate.internal.SessionFactoryImpl.<init>(SessionFactoryImpl.java:324) ~[hibernate-core-6.6.39.Final.jar:6.6.39.Final]
	at org.hibernate.boot.internal.SessionFactoryBuilderImpl.build(SessionFactoryBuilderImpl.java:463) ~[hibernate-core-6.6.39.Final.jar:6.6.39.Final]
	at org.hibernate.jpa.boot.internal.EntityManagerFactoryBuilderImpl.build(EntityManagerFactoryBuilderImpl.java:1517) ~[hibernate-core-6.6.39.Final.jar:6.6.39.Final]
	at org.springframework.orm.jpa.vendor.SpringHibernateJpaPersistenceProvider.createContainerEntityManagerFactory(SpringHibernateJpaPersistenceProvider.java:66) ~[spring-orm-6.2.15.jar:6.2.15]
	at org.springframework.orm.jpa.LocalContainerEntityManagerFactoryBean.createNativeEntityManagerFactory(LocalContainerEntityManagerFactoryBean.java:390) ~[spring-orm-6.2.15.jar:6.2.15]
	at org.springframework.orm.jpa.AbstractEntityManagerFactoryBean.buildNativeEntityManagerFactory(AbstractEntityManagerFactoryBean.java:419) ~[spring-orm-6.2.15.jar:6.2.15]
	... 22 common frames omitted
Caused by: java.sql.SQLException: Plugin 'mysql_native_password' is not loaded
	at com.mysql.cj.jdbc.exceptions.SQLError.createSQLException(SQLError.java:121) ~[mysql-connector-j-9.5.0.jar:9.5.0]
	at com.mysql.cj.jdbc.exceptions.SQLExceptionsMapping.translateException(SQLExceptionsMapping.java:114) ~[mysql-connector-j-9.5.0.jar:9.5.0]
	at com.mysql.cj.jdbc.ConnectionImpl.createNewIO(ConnectionImpl.java:840) ~[mysql-connector-j-9.5.0.jar:9.5.0]
	at com.mysql.cj.jdbc.ConnectionImpl.<init>(ConnectionImpl.java:416) ~[mysql-connector-j-9.5.0.jar:9.5.0]
	at com.mysql.cj.jdbc.ConnectionImpl.getInstance(ConnectionImpl.java:237) ~[mysql-connector-j-9.5.0.jar:9.5.0]
	at com.mysql.cj.jdbc.NonRegisteringDriver.connect(NonRegisteringDriver.java:180) ~[mysql-connector-j-9.5.0.jar:9.5.0]
	at com.zaxxer.hikari.util.DriverDataSource.getConnection(DriverDataSource.java:144) ~[HikariCP-6.3.3.jar:na]
	at com.zaxxer.hikari.pool.PoolBase.newConnection(PoolBase.java:370) ~[HikariCP-6.3.3.jar:na]
	at com.zaxxer.hikari.pool.PoolBase.newPoolEntry(PoolBase.java:207) ~[HikariCP-6.3.3.jar:na]
	at com.zaxxer.hikari.pool.HikariPool.createPoolEntry(HikariPool.java:488) ~[HikariCP-6.3.3.jar:na]
	at com.zaxxer.hikari.pool.HikariPool.checkFailFast(HikariPool.java:576) ~[HikariCP-6.3.3.jar:na]
	at com.zaxxer.hikari.pool.HikariPool.<init>(HikariPool.java:97) ~[HikariCP-6.3.3.jar:na]
	at com.zaxxer.hikari.HikariDataSource.getConnection(HikariDataSource.java:111) ~[HikariCP-6.3.3.jar:na]
	at org.hibernate.engine.jdbc.connections.internal.DatasourceConnectionProviderImpl.getConnection(DatasourceConnectionProviderImpl.java:126) ~[hibernate-core-6.6.39.Final.jar:6.6.39.Final]
	at org.hibernate.engine.jdbc.env.internal.JdbcEnvironmentInitiator$ConnectionProviderJdbcConnectionAccess.obtainConnection(JdbcEnvironmentInitiator.java:485) ~[hibernate-core-6.6.39.Final.jar:6.6.39.Final]
	at org.hibernate.resource.transaction.backend.jdbc.internal.DdlTransactionIsolatorNonJtaImpl.getIsolatedConnection(DdlTransactionIsolatorNonJtaImpl.java:46) ~[hibernate-core-6.6.39.Final.jar:6.6.39.Final]
	... 43 common frames omitted

2026-02-10T20:24:30.990+05:30  INFO 19552 --- [music-streaming-backend] [restartedMain] c.b.MusicStreamingBackendApplication     : Starting MusicStreamingBackendApplication using Java 21.0.6 with PID 19552 (C:\Users\patil\Online-Music-Store\music-streaming-backend\target\classes started by patil in C:\Users\patil\Online-Music-Store\music-streaming-backend)
2026-02-10T20:24:30.991+05:30  INFO 19552 --- [music-streaming-backend] [restartedMain] c.b.MusicStreamingBackendApplication     : No active profile set, falling back to 1 default profile: "default"
2026-02-10T20:24:31.034+05:30  INFO 19552 --- [music-streaming-backend] [restartedMain] .e.DevToolsPropertyDefaultsPostProcessor : Devtools property defaults active! Set 'spring.devtools.add-properties' to 'false' to disable
2026-02-10T20:24:31.034+05:30  INFO 19552 --- [music-streaming-backend] [restartedMain] .e.DevToolsPropertyDefaultsPostProcessor : For additional web related logging consider setting the 'logging.level.web' property to 'DEBUG'
2026-02-10T20:24:32.129+05:30  INFO 19552 --- [music-streaming-backend] [restartedMain] .s.d.r.c.RepositoryConfigurationDelegate : Bootstrapping Spring Data JPA repositories in DEFAULT mode.
2026-02-10T20:24:32.257+05:30  INFO 19552 --- [music-streaming-backend] [restartedMain] .s.d.r.c.RepositoryConfigurationDelegate : Finished Spring Data repository scanning in 120 ms. Found 6 JPA repository interfaces.
2026-02-10T20:24:32.792+05:30  INFO 19552 --- [music-streaming-backend] [restartedMain] o.s.b.w.embedded.tomcat.TomcatWebServer  : Tomcat initialized with port 8080 (http)
2026-02-10T20:24:32.803+05:30  INFO 19552 --- [music-streaming-backend] [restartedMain] o.apache.catalina.core.StandardService   : Starting service [Tomcat]
2026-02-10T20:24:32.803+05:30  INFO 19552 --- [music-streaming-backend] [restartedMain] o.apache.catalina.core.StandardEngine    : Starting Servlet engine: [Apache Tomcat/10.1.50]
2026-02-10T20:24:32.848+05:30  INFO 19552 --- [music-streaming-backend] [restartedMain] o.a.c.c.C.[Tomcat].[localhost].[/]       : Initializing Spring embedded WebApplicationContext
2026-02-10T20:24:32.848+05:30  INFO 19552 --- [music-streaming-backend] [restartedMain] w.s.c.ServletWebServerApplicationContext : Root WebApplicationContext: initialization completed in 1813 ms
2026-02-10T20:24:33.110+05:30  INFO 19552 --- [music-streaming-backend] [restartedMain] o.hibernate.jpa.internal.util.LogHelper  : HHH000204: Processing PersistenceUnitInfo [name: default]
2026-02-10T20:24:33.155+05:30  INFO 19552 --- [music-streaming-backend] [restartedMain] org.hibernate.Version                    : HHH000412: Hibernate ORM core version 6.6.39.Final
2026-02-10T20:24:33.184+05:30  INFO 19552 --- [music-streaming-backend] [restartedMain] o.h.c.internal.RegionFactoryInitiator    : HHH000026: Second-level cache disabled
2026-02-10T20:24:33.382+05:30  INFO 19552 --- [music-streaming-backend] [restartedMain] o.s.o.j.p.SpringPersistenceUnitInfo      : No LoadTimeWeaver setup: ignoring JPA class transformer
2026-02-10T20:24:33.406+05:30  INFO 19552 --- [music-streaming-backend] [restartedMain] com.zaxxer.hikari.HikariDataSource       : HikariPool-1 - Starting...
2026-02-10T20:24:33.701+05:30  INFO 19552 --- [music-streaming-backend] [restartedMain] com.zaxxer.hikari.pool.HikariPool        : HikariPool-1 - Added connection com.mysql.cj.jdbc.ConnectionImpl@506c8b57
2026-02-10T20:24:33.703+05:30  INFO 19552 --- [music-streaming-backend] [restartedMain] com.zaxxer.hikari.HikariDataSource       : HikariPool-1 - Start completed.
2026-02-10T20:24:33.772+05:30  WARN 19552 --- [music-streaming-backend] [restartedMain] org.hibernate.orm.deprecation            : HHH90000025: MySQLDialect does not need to be specified explicitly using 'hibernate.dialect' (remove the property setting and it will be selected by default)
2026-02-10T20:24:33.791+05:30  INFO 19552 --- [music-streaming-backend] [restartedMain] org.hibernate.orm.connections.pooling    : HHH10001005: Database info:
	Database JDBC URL [Connecting through datasource 'HikariDataSource (HikariPool-1)']
	Database driver: undefined/unknown
	Database version: 8.4.6
	Autocommit mode: undefined/unknown
	Isolation level: undefined/unknown
	Minimum pool size: undefined/unknown
	Maximum pool size: undefined/unknown
2026-02-10T20:24:34.637+05:30  INFO 19552 --- [music-streaming-backend] [restartedMain] o.h.e.t.j.p.i.JtaPlatformInitiator       : HHH000489: No JTA platform available (set 'hibernate.transaction.jta.platform' to enable JTA platform integration)
2026-02-10T20:24:36.120+05:30  INFO 19552 --- [music-streaming-backend] [restartedMain] j.LocalContainerEntityManagerFactoryBean : Initialized JPA EntityManagerFactory for persistence unit 'default'
2026-02-10T20:24:36.430+05:30  WARN 19552 --- [music-streaming-backend] [restartedMain] ConfigServletWebServerApplicationContext : Exception encountered during context initialization - cancelling refresh attempt: org.springframework.beans.factory.UnsatisfiedDependencyException: Error creating bean with name 'adminInitializer' defined in file [C:\Users\patil\Online-Music-Store\music-streaming-backend\target\classes\com\backend\config\AdminInitializer.class]: Unsatisfied dependency expressed through constructor parameter 1: Error creating bean with name 'securityConfig': Unsatisfied dependency expressed through field 'userDetailsService': No qualifying bean of type 'org.springframework.security.core.userdetails.UserDetailsService' available: expected at least 1 bean which qualifies as autowire candidate. Dependency annotations: {@org.springframework.beans.factory.annotation.Autowired(required=true)}
2026-02-10T20:24:36.430+05:30  INFO 19552 --- [music-streaming-backend] [restartedMain] j.LocalContainerEntityManagerFactoryBean : Closing JPA EntityManagerFactory for persistence unit 'default'
2026-02-10T20:24:36.435+05:30  INFO 19552 --- [music-streaming-backend] [restartedMain] com.zaxxer.hikari.HikariDataSource       : HikariPool-1 - Shutdown initiated...
2026-02-10T20:24:36.440+05:30  INFO 19552 --- [music-streaming-backend] [restartedMain] com.zaxxer.hikari.HikariDataSource       : HikariPool-1 - Shutdown completed.
2026-02-10T20:24:36.443+05:30  INFO 19552 --- [music-streaming-backend] [restartedMain] o.apache.catalina.core.StandardService   : Stopping service [Tomcat]
2026-02-10T20:24:36.455+05:30  INFO 19552 --- [music-streaming-backend] [restartedMain] .s.b.a.l.ConditionEvaluationReportLogger : 

Error starting ApplicationContext. To display the condition evaluation report re-run your application with 'debug' enabled.
2026-02-10T20:24:36.477+05:30 ERROR 19552 --- [music-streaming-backend] [restartedMain] o.s.b.d.LoggingFailureAnalysisReporter   : 

***************************
APPLICATION FAILED TO START
***************************

Description:

Field userDetailsService in com.backend.security.SecurityConfig required a bean of type 'org.springframework.security.core.userdetails.UserDetailsService' that could not be found.


Action:

Consider defining a bean of type 'org.springframework.security.core.userdetails.UserDetailsService' in your configuration.

2026-02-10T20:27:37.477+05:30  INFO 20504 --- [music-streaming-backend] [restartedMain] c.b.MusicStreamingBackendApplication     : Starting MusicStreamingBackendApplication using Java 21.0.6 with PID 20504 (C:\Users\patil\Online-Music-Store\music-streaming-backend\target\classes started by patil in C:\Users\patil\Online-Music-Store\music-streaming-backend)
2026-02-10T20:27:37.479+05:30  INFO 20504 --- [music-streaming-backend] [restartedMain] c.b.MusicStreamingBackendApplication     : No active profile set, falling back to 1 default profile: "default"
2026-02-10T20:27:37.523+05:30  INFO 20504 --- [music-streaming-backend] [restartedMain] .e.DevToolsPropertyDefaultsPostProcessor : Devtools property defaults active! Set 'spring.devtools.add-properties' to 'false' to disable
2026-02-10T20:27:37.523+05:30  INFO 20504 --- [music-streaming-backend] [restartedMain] .e.DevToolsPropertyDefaultsPostProcessor : For additional web related logging consider setting the 'logging.level.web' property to 'DEBUG'
2026-02-10T20:27:38.747+05:30  INFO 20504 --- [music-streaming-backend] [restartedMain] .s.d.r.c.RepositoryConfigurationDelegate : Bootstrapping Spring Data JPA repositories in DEFAULT mode.
2026-02-10T20:27:38.899+05:30  INFO 20504 --- [music-streaming-backend] [restartedMain] .s.d.r.c.RepositoryConfigurationDelegate : Finished Spring Data repository scanning in 143 ms. Found 6 JPA repository interfaces.
2026-02-10T20:27:39.489+05:30  INFO 20504 --- [music-streaming-backend] [restartedMain] o.s.b.w.embedded.tomcat.TomcatWebServer  : Tomcat initialized with port 8080 (http)
2026-02-10T20:27:39.501+05:30  INFO 20504 --- [music-streaming-backend] [restartedMain] o.apache.catalina.core.StandardService   : Starting service [Tomcat]
2026-02-10T20:27:39.502+05:30  INFO 20504 --- [music-streaming-backend] [restartedMain] o.apache.catalina.core.StandardEngine    : Starting Servlet engine: [Apache Tomcat/10.1.50]
2026-02-10T20:27:39.545+05:30  INFO 20504 --- [music-streaming-backend] [restartedMain] o.a.c.c.C.[Tomcat].[localhost].[/]       : Initializing Spring embedded WebApplicationContext
2026-02-10T20:27:39.547+05:30  INFO 20504 --- [music-streaming-backend] [restartedMain] w.s.c.ServletWebServerApplicationContext : Root WebApplicationContext: initialization completed in 2023 ms
2026-02-10T20:27:39.840+05:30  INFO 20504 --- [music-streaming-backend] [restartedMain] o.hibernate.jpa.internal.util.LogHelper  : HHH000204: Processing PersistenceUnitInfo [name: default]
2026-02-10T20:27:39.886+05:30  INFO 20504 --- [music-streaming-backend] [restartedMain] org.hibernate.Version                    : HHH000412: Hibernate ORM core version 6.6.39.Final
2026-02-10T20:27:39.917+05:30  INFO 20504 --- [music-streaming-backend] [restartedMain] o.h.c.internal.RegionFactoryInitiator    : HHH000026: Second-level cache disabled
2026-02-10T20:27:40.152+05:30  INFO 20504 --- [music-streaming-backend] [restartedMain] o.s.o.j.p.SpringPersistenceUnitInfo      : No LoadTimeWeaver setup: ignoring JPA class transformer
2026-02-10T20:27:40.186+05:30  INFO 20504 --- [music-streaming-backend] [restartedMain] com.zaxxer.hikari.HikariDataSource       : HikariPool-1 - Starting...
2026-02-10T20:27:40.483+05:30  INFO 20504 --- [music-streaming-backend] [restartedMain] com.zaxxer.hikari.pool.HikariPool        : HikariPool-1 - Added connection com.mysql.cj.jdbc.ConnectionImpl@9cbefdf
2026-02-10T20:27:40.486+05:30  INFO 20504 --- [music-streaming-backend] [restartedMain] com.zaxxer.hikari.HikariDataSource       : HikariPool-1 - Start completed.
2026-02-10T20:27:40.533+05:30  WARN 20504 --- [music-streaming-backend] [restartedMain] org.hibernate.orm.deprecation            : HHH90000025: MySQLDialect does not need to be specified explicitly using 'hibernate.dialect' (remove the property setting and it will be selected by default)
2026-02-10T20:27:40.562+05:30  INFO 20504 --- [music-streaming-backend] [restartedMain] org.hibernate.orm.connections.pooling    : HHH10001005: Database info:
	Database JDBC URL [Connecting through datasource 'HikariDataSource (HikariPool-1)']
	Database driver: undefined/unknown
	Database version: 8.4.6
	Autocommit mode: undefined/unknown
	Isolation level: undefined/unknown
	Minimum pool size: undefined/unknown
	Maximum pool size: undefined/unknown
2026-02-10T20:27:41.576+05:30  INFO 20504 --- [music-streaming-backend] [restartedMain] o.h.e.t.j.p.i.JtaPlatformInitiator       : HHH000489: No JTA platform available (set 'hibernate.transaction.jta.platform' to enable JTA platform integration)
2026-02-10T20:27:41.775+05:30  INFO 20504 --- [music-streaming-backend] [restartedMain] j.LocalContainerEntityManagerFactoryBean : Initialized JPA EntityManagerFactory for persistence unit 'default'
2026-02-10T20:27:42.062+05:30  WARN 20504 --- [music-streaming-backend] [restartedMain] ConfigServletWebServerApplicationContext : Exception encountered during context initialization - cancelling refresh attempt: org.springframework.beans.factory.UnsatisfiedDependencyException: Error creating bean with name 'adminInitializer' defined in file [C:\Users\patil\Online-Music-Store\music-streaming-backend\target\classes\com\backend\config\AdminInitializer.class]: Unsatisfied dependency expressed through constructor parameter 1: Error creating bean with name 'securityConfig': Unsatisfied dependency expressed through field 'userDetailsService': No qualifying bean of type 'org.springframework.security.core.userdetails.UserDetailsService' available: expected at least 1 bean which qualifies as autowire candidate. Dependency annotations: {@org.springframework.beans.factory.annotation.Autowired(required=true)}
2026-02-10T20:27:42.063+05:30  INFO 20504 --- [music-streaming-backend] [restartedMain] j.LocalContainerEntityManagerFactoryBean : Closing JPA EntityManagerFactory for persistence unit 'default'
2026-02-10T20:27:42.066+05:30  INFO 20504 --- [music-streaming-backend] [restartedMain] com.zaxxer.hikari.HikariDataSource       : HikariPool-1 - Shutdown initiated...
2026-02-10T20:27:42.073+05:30  INFO 20504 --- [music-streaming-backend] [restartedMain] com.zaxxer.hikari.HikariDataSource       : HikariPool-1 - Shutdown completed.
2026-02-10T20:27:42.075+05:30  INFO 20504 --- [music-streaming-backend] [restartedMain] o.apache.catalina.core.StandardService   : Stopping service [Tomcat]
2026-02-10T20:27:42.091+05:30  INFO 20504 --- [music-streaming-backend] [restartedMain] .s.b.a.l.ConditionEvaluationReportLogger : 

Error starting ApplicationContext. To display the condition evaluation report re-run your application with 'debug' enabled.
2026-02-10T20:27:42.118+05:30 ERROR 20504 --- [music-streaming-backend] [restartedMain] o.s.b.d.LoggingFailureAnalysisReporter   : 

***************************
APPLICATION FAILED TO START
***************************

Description:

Field userDetailsService in com.backend.security.SecurityConfig required a bean of type 'org.springframework.security.core.userdetails.UserDetailsService' that could not be found.


Action:

Consider defining a bean of type 'org.springframework.security.core.userdetails.UserDetailsService' in your configuration.

2026-02-10T20:31:06.706+05:30  INFO 21576 --- [music-streaming-backend] [restartedMain] c.b.MusicStreamingBackendApplication     : Starting MusicStreamingBackendApplication using Java 21.0.6 with PID 21576 (C:\Users\patil\Online-Music-Store\music-streaming-backend\target\classes started by patil in C:\Users\patil\Online-Music-Store\music-streaming-backend)
2026-02-10T20:31:06.708+05:30  INFO 21576 --- [music-streaming-backend] [restartedMain] c.b.MusicStreamingBackendApplication     : No active profile set, falling back to 1 default profile: "default"
2026-02-10T20:31:06.761+05:30  INFO 21576 --- [music-streaming-backend] [restartedMain] .e.DevToolsPropertyDefaultsPostProcessor : Devtools property defaults active! Set 'spring.devtools.add-properties' to 'false' to disable
2026-02-10T20:31:06.762+05:30  INFO 21576 --- [music-streaming-backend] [restartedMain] .e.DevToolsPropertyDefaultsPostProcessor : For additional web related logging consider setting the 'logging.level.web' property to 'DEBUG'
2026-02-10T20:31:07.856+05:30  INFO 21576 --- [music-streaming-backend] [restartedMain] .s.d.r.c.RepositoryConfigurationDelegate : Bootstrapping Spring Data JPA repositories in DEFAULT mode.
2026-02-10T20:31:07.992+05:30  INFO 21576 --- [music-streaming-backend] [restartedMain] .s.d.r.c.RepositoryConfigurationDelegate : Finished Spring Data repository scanning in 125 ms. Found 6 JPA repository interfaces.
2026-02-10T20:31:08.560+05:30  INFO 21576 --- [music-streaming-backend] [restartedMain] o.s.b.w.embedded.tomcat.TomcatWebServer  : Tomcat initialized with port 8080 (http)
2026-02-10T20:31:08.571+05:30  INFO 21576 --- [music-streaming-backend] [restartedMain] o.apache.catalina.core.StandardService   : Starting service [Tomcat]
2026-02-10T20:31:08.572+05:30  INFO 21576 --- [music-streaming-backend] [restartedMain] o.apache.catalina.core.StandardEngine    : Starting Servlet engine: [Apache Tomcat/10.1.50]
2026-02-10T20:31:08.618+05:30  INFO 21576 --- [music-streaming-backend] [restartedMain] o.a.c.c.C.[Tomcat].[localhost].[/]       : Initializing Spring embedded WebApplicationContext
2026-02-10T20:31:08.618+05:30  INFO 21576 --- [music-streaming-backend] [restartedMain] w.s.c.ServletWebServerApplicationContext : Root WebApplicationContext: initialization completed in 1856 ms
2026-02-10T20:31:08.882+05:30  INFO 21576 --- [music-streaming-backend] [restartedMain] o.hibernate.jpa.internal.util.LogHelper  : HHH000204: Processing PersistenceUnitInfo [name: default]
2026-02-10T20:31:08.920+05:30  INFO 21576 --- [music-streaming-backend] [restartedMain] org.hibernate.Version                    : HHH000412: Hibernate ORM core version 6.6.39.Final
2026-02-10T20:31:08.945+05:30  INFO 21576 --- [music-streaming-backend] [restartedMain] o.h.c.internal.RegionFactoryInitiator    : HHH000026: Second-level cache disabled
2026-02-10T20:31:09.157+05:30  INFO 21576 --- [music-streaming-backend] [restartedMain] o.s.o.j.p.SpringPersistenceUnitInfo      : No LoadTimeWeaver setup: ignoring JPA class transformer
2026-02-10T20:31:09.184+05:30  INFO 21576 --- [music-streaming-backend] [restartedMain] com.zaxxer.hikari.HikariDataSource       : HikariPool-1 - Starting...
2026-02-10T20:31:09.466+05:30  INFO 21576 --- [music-streaming-backend] [restartedMain] com.zaxxer.hikari.pool.HikariPool        : HikariPool-1 - Added connection com.mysql.cj.jdbc.ConnectionImpl@35936447
2026-02-10T20:31:09.469+05:30  INFO 21576 --- [music-streaming-backend] [restartedMain] com.zaxxer.hikari.HikariDataSource       : HikariPool-1 - Start completed.
2026-02-10T20:31:09.514+05:30  WARN 21576 --- [music-streaming-backend] [restartedMain] org.hibernate.orm.deprecation            : HHH90000025: MySQLDialect does not need to be specified explicitly using 'hibernate.dialect' (remove the property setting and it will be selected by default)
2026-02-10T20:31:09.529+05:30  INFO 21576 --- [music-streaming-backend] [restartedMain] org.hibernate.orm.connections.pooling    : HHH10001005: Database info:
	Database JDBC URL [Connecting through datasource 'HikariDataSource (HikariPool-1)']
	Database driver: undefined/unknown
	Database version: 8.4.6
	Autocommit mode: undefined/unknown
	Isolation level: undefined/unknown
	Minimum pool size: undefined/unknown
	Maximum pool size: undefined/unknown
2026-02-10T20:31:10.350+05:30  INFO 21576 --- [music-streaming-backend] [restartedMain] o.h.e.t.j.p.i.JtaPlatformInitiator       : HHH000489: No JTA platform available (set 'hibernate.transaction.jta.platform' to enable JTA platform integration)
2026-02-10T20:31:10.472+05:30  INFO 21576 --- [music-streaming-backend] [restartedMain] j.LocalContainerEntityManagerFactoryBean : Initialized JPA EntityManagerFactory for persistence unit 'default'
2026-02-10T20:31:10.805+05:30  INFO 21576 --- [music-streaming-backend] [restartedMain] o.s.d.j.r.query.QueryEnhancerFactory     : Hibernate is in classpath; If applicable, HQL parser will be used.
2026-02-10T20:31:11.344+05:30  WARN 21576 --- [music-streaming-backend] [restartedMain] JpaBaseConfiguration$JpaWebConfiguration : spring.jpa.open-in-view is enabled by default. Therefore, database queries may be performed during view rendering. Explicitly configure spring.jpa.open-in-view to disable this warning
2026-02-10T20:31:11.385+05:30  INFO 21576 --- [music-streaming-backend] [restartedMain] r$InitializeUserDetailsManagerConfigurer : Global AuthenticationManager configured with UserDetailsService bean with name customUserDetailsService
2026-02-10T20:31:11.883+05:30  WARN 21576 --- [music-streaming-backend] [restartedMain] ConfigServletWebServerApplicationContext : Exception encountered during context initialization - cancelling refresh attempt: org.springframework.beans.factory.UnsatisfiedDependencyException: Error creating bean with name 'paymentController' defined in file [C:\Users\patil\Online-Music-Store\music-streaming-backend\target\classes\com\backend\controller\PaymentController.class]: Unsatisfied dependency expressed through constructor parameter 0: Error creating bean with name 'paymentServiceImpl': Injection of autowired dependencies failed
2026-02-10T20:31:11.884+05:30  INFO 21576 --- [music-streaming-backend] [restartedMain] j.LocalContainerEntityManagerFactoryBean : Closing JPA EntityManagerFactory for persistence unit 'default'
2026-02-10T20:31:11.887+05:30  INFO 21576 --- [music-streaming-backend] [restartedMain] com.zaxxer.hikari.HikariDataSource       : HikariPool-1 - Shutdown initiated...
2026-02-10T20:31:11.897+05:30  INFO 21576 --- [music-streaming-backend] [restartedMain] com.zaxxer.hikari.HikariDataSource       : HikariPool-1 - Shutdown completed.
2026-02-10T20:31:11.900+05:30  INFO 21576 --- [music-streaming-backend] [restartedMain] o.apache.catalina.core.StandardService   : Stopping service [Tomcat]
2026-02-10T20:31:11.914+05:30  INFO 21576 --- [music-streaming-backend] [restartedMain] .s.b.a.l.ConditionEvaluationReportLogger : 

Error starting ApplicationContext. To display the condition evaluation report re-run your application with 'debug' enabled.
2026-02-10T20:31:11.930+05:30 ERROR 21576 --- [music-streaming-backend] [restartedMain] o.s.boot.SpringApplication               : Application run failed

org.springframework.beans.factory.UnsatisfiedDependencyException: Error creating bean with name 'paymentController' defined in file [C:\Users\patil\Online-Music-Store\music-streaming-backend\target\classes\com\backend\controller\PaymentController.class]: Unsatisfied dependency expressed through constructor parameter 0: Error creating bean with name 'paymentServiceImpl': Injection of autowired dependencies failed
	at org.springframework.beans.factory.support.ConstructorResolver.createArgumentArray(ConstructorResolver.java:804) ~[spring-beans-6.2.15.jar:6.2.15]
	at org.springframework.beans.factory.support.ConstructorResolver.autowireConstructor(ConstructorResolver.java:240) ~[spring-beans-6.2.15.jar:6.2.15]
	at org.springframework.beans.factory.support.AbstractAutowireCapableBeanFactory.autowireConstructor(AbstractAutowireCapableBeanFactory.java:1395) ~[spring-beans-6.2.15.jar:6.2.15]
	at org.springframework.beans.factory.support.AbstractAutowireCapableBeanFactory.createBeanInstance(AbstractAutowireCapableBeanFactory.java:1232) ~[spring-beans-6.2.15.jar:6.2.15]
	at org.springframework.beans.factory.support.AbstractAutowireCapableBeanFactory.doCreateBean(AbstractAutowireCapableBeanFactory.java:569) ~[spring-beans-6.2.15.jar:6.2.15]
	at org.springframework.beans.factory.support.AbstractAutowireCapableBeanFactory.createBean(AbstractAutowireCapableBeanFactory.java:529) ~[spring-beans-6.2.15.jar:6.2.15]
	at org.springframework.beans.factory.support.AbstractBeanFactory.lambda$doGetBean$0(AbstractBeanFactory.java:339) ~[spring-beans-6.2.15.jar:6.2.15]
	at org.springframework.beans.factory.support.DefaultSingletonBeanRegistry.getSingleton(DefaultSingletonBeanRegistry.java:373) ~[spring-beans-6.2.15.jar:6.2.15]
	at org.springframework.beans.factory.support.AbstractBeanFactory.doGetBean(AbstractBeanFactory.java:337) ~[spring-beans-6.2.15.jar:6.2.15]
	at org.springframework.beans.factory.support.AbstractBeanFactory.getBean(AbstractBeanFactory.java:202) ~[spring-beans-6.2.15.jar:6.2.15]
	at org.springframework.beans.factory.support.DefaultListableBeanFactory.instantiateSingleton(DefaultListableBeanFactory.java:1228) ~[spring-beans-6.2.15.jar:6.2.15]
	at org.springframework.beans.factory.support.DefaultListableBeanFactory.preInstantiateSingleton(DefaultListableBeanFactory.java:1194) ~[spring-beans-6.2.15.jar:6.2.15]
	at org.springframework.beans.factory.support.DefaultListableBeanFactory.preInstantiateSingletons(DefaultListableBeanFactory.java:1130) ~[spring-beans-6.2.15.jar:6.2.15]
	at org.springframework.context.support.AbstractApplicationContext.finishBeanFactoryInitialization(AbstractApplicationContext.java:990) ~[spring-context-6.2.15.jar:6.2.15]
	at org.springframework.context.support.AbstractApplicationContext.refresh(AbstractApplicationContext.java:627) ~[spring-context-6.2.15.jar:6.2.15]
	at org.springframework.boot.web.servlet.context.ServletWebServerApplicationContext.refresh(ServletWebServerApplicationContext.java:146) ~[spring-boot-3.5.9.jar:3.5.9]
	at org.springframework.boot.SpringApplication.refresh(SpringApplication.java:752) ~[spring-boot-3.5.9.jar:3.5.9]
	at org.springframework.boot.SpringApplication.refreshContext(SpringApplication.java:439) ~[spring-boot-3.5.9.jar:3.5.9]
	at org.springframework.boot.SpringApplication.run(SpringApplication.java:318) ~[spring-boot-3.5.9.jar:3.5.9]
	at org.springframework.boot.SpringApplication.run(SpringApplication.java:1361) ~[spring-boot-3.5.9.jar:3.5.9]
	at org.springframework.boot.SpringApplication.run(SpringApplication.java:1350) ~[spring-boot-3.5.9.jar:3.5.9]
	at com.backend.MusicStreamingBackendApplication.main(MusicStreamingBackendApplication.java:10) ~[classes/:na]
	at java.base/jdk.internal.reflect.DirectMethodHandleAccessor.invoke(DirectMethodHandleAccessor.java:103) ~[na:na]
	at java.base/java.lang.reflect.Method.invoke(Method.java:580) ~[na:na]
	at org.springframework.boot.devtools.restart.RestartLauncher.run(RestartLauncher.java:50) ~[spring-boot-devtools-3.5.9.jar:3.5.9]
Caused by: org.springframework.beans.factory.BeanCreationException: Error creating bean with name 'paymentServiceImpl': Injection of autowired dependencies failed
	at org.springframework.beans.factory.annotation.AutowiredAnnotationBeanPostProcessor.postProcessProperties(AutowiredAnnotationBeanPostProcessor.java:515) ~[spring-beans-6.2.15.jar:6.2.15]
	at org.springframework.beans.factory.support.AbstractAutowireCapableBeanFactory.populateBean(AbstractAutowireCapableBeanFactory.java:1459) ~[spring-beans-6.2.15.jar:6.2.15]
	at org.springframework.beans.factory.support.AbstractAutowireCapableBeanFactory.doCreateBean(AbstractAutowireCapableBeanFactory.java:606) ~[spring-beans-6.2.15.jar:6.2.15]
	at org.springframework.beans.factory.support.AbstractAutowireCapableBeanFactory.createBean(AbstractAutowireCapableBeanFactory.java:529) ~[spring-beans-6.2.15.jar:6.2.15]
	at org.springframework.beans.factory.support.AbstractBeanFactory.lambda$doGetBean$0(AbstractBeanFactory.java:339) ~[spring-beans-6.2.15.jar:6.2.15]
	at org.springframework.beans.factory.support.DefaultSingletonBeanRegistry.getSingleton(DefaultSingletonBeanRegistry.java:373) ~[spring-beans-6.2.15.jar:6.2.15]
	at org.springframework.beans.factory.support.AbstractBeanFactory.doGetBean(AbstractBeanFactory.java:337) ~[spring-beans-6.2.15.jar:6.2.15]
	at org.springframework.beans.factory.support.AbstractBeanFactory.getBean(AbstractBeanFactory.java:202) ~[spring-beans-6.2.15.jar:6.2.15]
	at org.springframework.beans.factory.config.DependencyDescriptor.resolveCandidate(DependencyDescriptor.java:254) ~[spring-beans-6.2.15.jar:6.2.15]
	at org.springframework.beans.factory.support.DefaultListableBeanFactory.doResolveDependency(DefaultListableBeanFactory.java:1770) ~[spring-beans-6.2.15.jar:6.2.15]
	at org.springframework.beans.factory.support.DefaultListableBeanFactory.resolveDependency(DefaultListableBeanFactory.java:1653) ~[spring-beans-6.2.15.jar:6.2.15]
	at org.springframework.beans.factory.support.ConstructorResolver.resolveAutowiredArgument(ConstructorResolver.java:913) ~[spring-beans-6.2.15.jar:6.2.15]
	at org.springframework.beans.factory.support.ConstructorResolver.createArgumentArray(ConstructorResolver.java:791) ~[spring-beans-6.2.15.jar:6.2.15]
	... 24 common frames omitted
Caused by: org.springframework.util.PlaceholderResolutionException: Could not resolve placeholder 'CASHFREE_APP_ID' in value "${CASHFREE_APP_ID}" <-- "${cashfree.app.id}"
	at org.springframework.util.PlaceholderResolutionException.withValue(PlaceholderResolutionException.java:81) ~[spring-core-6.2.15.jar:6.2.15]
	at org.springframework.util.PlaceholderParser$ParsedValue.resolve(PlaceholderParser.java:298) ~[spring-core-6.2.15.jar:6.2.15]
	at org.springframework.util.PlaceholderParser.replacePlaceholders(PlaceholderParser.java:131) ~[spring-core-6.2.15.jar:6.2.15]
	at org.springframework.util.PropertyPlaceholderHelper.replacePlaceholders(PropertyPlaceholderHelper.java:114) ~[spring-core-6.2.15.jar:6.2.15]
	at org.springframework.core.env.AbstractPropertyResolver.doResolvePlaceholders(AbstractPropertyResolver.java:293) ~[spring-core-6.2.15.jar:6.2.15]
	at org.springframework.core.env.AbstractPropertyResolver.resolveRequiredPlaceholders(AbstractPropertyResolver.java:264) ~[spring-core-6.2.15.jar:6.2.15]
	at org.springframework.context.support.PropertySourcesPlaceholderConfigurer.lambda$processProperties$0(PropertySourcesPlaceholderConfigurer.java:186) ~[spring-context-6.2.15.jar:6.2.15]
	at org.springframework.beans.factory.support.AbstractBeanFactory.resolveEmbeddedValue(AbstractBeanFactory.java:970) ~[spring-beans-6.2.15.jar:6.2.15]
	at org.springframework.beans.factory.support.DefaultListableBeanFactory.doResolveDependency(DefaultListableBeanFactory.java:1675) ~[spring-beans-6.2.15.jar:6.2.15]
	at org.springframework.beans.factory.support.DefaultListableBeanFactory.resolveDependency(DefaultListableBeanFactory.java:1653) ~[spring-beans-6.2.15.jar:6.2.15]
	at org.springframework.beans.factory.annotation.AutowiredAnnotationBeanPostProcessor$AutowiredFieldElement.resolveFieldValue(AutowiredAnnotationBeanPostProcessor.java:784) ~[spring-beans-6.2.15.jar:6.2.15]
	at org.springframework.beans.factory.annotation.AutowiredAnnotationBeanPostProcessor$AutowiredFieldElement.inject(AutowiredAnnotationBeanPostProcessor.java:767) ~[spring-beans-6.2.15.jar:6.2.15]
	at org.springframework.beans.factory.annotation.InjectionMetadata.inject(InjectionMetadata.java:146) ~[spring-beans-6.2.15.jar:6.2.15]
	at org.springframework.beans.factory.annotation.AutowiredAnnotationBeanPostProcessor.postProcessProperties(AutowiredAnnotationBeanPostProcessor.java:509) ~[spring-beans-6.2.15.jar:6.2.15]
	... 36 common frames omitted

2026-02-10T20:32:11.021+05:30  INFO 5456 --- [music-streaming-backend] [restartedMain] c.b.MusicStreamingBackendApplication     : Starting MusicStreamingBackendApplication using Java 21.0.6 with PID 5456 (C:\Users\patil\Online-Music-Store\music-streaming-backend\target\classes started by patil in C:\Users\patil\Online-Music-Store\music-streaming-backend)
2026-02-10T20:32:11.023+05:30  INFO 5456 --- [music-streaming-backend] [restartedMain] c.b.MusicStreamingBackendApplication     : No active profile set, falling back to 1 default profile: "default"
2026-02-10T20:32:11.087+05:30  INFO 5456 --- [music-streaming-backend] [restartedMain] .e.DevToolsPropertyDefaultsPostProcessor : Devtools property defaults active! Set 'spring.devtools.add-properties' to 'false' to disable
2026-02-10T20:32:11.087+05:30  INFO 5456 --- [music-streaming-backend] [restartedMain] .e.DevToolsPropertyDefaultsPostProcessor : For additional web related logging consider setting the 'logging.level.web' property to 'DEBUG'
2026-02-10T20:32:12.097+05:30  INFO 5456 --- [music-streaming-backend] [restartedMain] .s.d.r.c.RepositoryConfigurationDelegate : Bootstrapping Spring Data JPA repositories in DEFAULT mode.
2026-02-10T20:32:12.126+05:30  INFO 5456 --- [music-streaming-backend] [restartedMain] .s.d.r.c.RepositoryConfigurationDelegate : Finished Spring Data repository scanning in 13 ms. Found 0 JPA repository interfaces.
2026-02-10T20:32:12.637+05:30  INFO 5456 --- [music-streaming-backend] [restartedMain] o.s.b.w.embedded.tomcat.TomcatWebServer  : Tomcat initialized with port 8080 (http)
2026-02-10T20:32:12.647+05:30  INFO 5456 --- [music-streaming-backend] [restartedMain] o.apache.catalina.core.StandardService   : Starting service [Tomcat]
2026-02-10T20:32:12.648+05:30  INFO 5456 --- [music-streaming-backend] [restartedMain] o.apache.catalina.core.StandardEngine    : Starting Servlet engine: [Apache Tomcat/10.1.50]
2026-02-10T20:32:12.699+05:30  INFO 5456 --- [music-streaming-backend] [restartedMain] o.a.c.c.C.[Tomcat].[localhost].[/]       : Initializing Spring embedded WebApplicationContext
2026-02-10T20:32:12.699+05:30  INFO 5456 --- [music-streaming-backend] [restartedMain] w.s.c.ServletWebServerApplicationContext : Root WebApplicationContext: initialization completed in 1611 ms
2026-02-10T20:32:12.915+05:30  INFO 5456 --- [music-streaming-backend] [restartedMain] o.hibernate.jpa.internal.util.LogHelper  : HHH000204: Processing PersistenceUnitInfo [name: default]
2026-02-10T20:32:12.953+05:30  INFO 5456 --- [music-streaming-backend] [restartedMain] org.hibernate.Version                    : HHH000412: Hibernate ORM core version 6.6.39.Final
2026-02-10T20:32:12.979+05:30  INFO 5456 --- [music-streaming-backend] [restartedMain] o.h.c.internal.RegionFactoryInitiator    : HHH000026: Second-level cache disabled
2026-02-10T20:32:13.185+05:30  INFO 5456 --- [music-streaming-backend] [restartedMain] o.s.o.j.p.SpringPersistenceUnitInfo      : No LoadTimeWeaver setup: ignoring JPA class transformer
2026-02-10T20:32:13.217+05:30  INFO 5456 --- [music-streaming-backend] [restartedMain] com.zaxxer.hikari.HikariDataSource       : HikariPool-1 - Starting...
2026-02-10T20:32:13.508+05:30  INFO 5456 --- [music-streaming-backend] [restartedMain] com.zaxxer.hikari.pool.HikariPool        : HikariPool-1 - Added connection com.mysql.cj.jdbc.ConnectionImpl@7b0de80b
2026-02-10T20:32:13.510+05:30  INFO 5456 --- [music-streaming-backend] [restartedMain] com.zaxxer.hikari.HikariDataSource       : HikariPool-1 - Start completed.
2026-02-10T20:32:13.556+05:30  WARN 5456 --- [music-streaming-backend] [restartedMain] org.hibernate.orm.deprecation            : HHH90000025: MySQLDialect does not need to be specified explicitly using 'hibernate.dialect' (remove the property setting and it will be selected by default)
2026-02-10T20:32:13.570+05:30  INFO 5456 --- [music-streaming-backend] [restartedMain] org.hibernate.orm.connections.pooling    : HHH10001005: Database info:
	Database JDBC URL [Connecting through datasource 'HikariDataSource (HikariPool-1)']
	Database driver: undefined/unknown
	Database version: 8.4.6
	Autocommit mode: undefined/unknown
	Isolation level: undefined/unknown
	Minimum pool size: undefined/unknown
	Maximum pool size: undefined/unknown
2026-02-10T20:32:13.823+05:30  INFO 5456 --- [music-streaming-backend] [restartedMain] o.h.e.t.j.p.i.JtaPlatformInitiator       : HHH000489: No JTA platform available (set 'hibernate.transaction.jta.platform' to enable JTA platform integration)
2026-02-10T20:32:13.829+05:30  INFO 5456 --- [music-streaming-backend] [restartedMain] j.LocalContainerEntityManagerFactoryBean : Initialized JPA EntityManagerFactory for persistence unit 'default'
2026-02-10T20:32:13.837+05:30  WARN 5456 --- [music-streaming-backend] [restartedMain] ConfigServletWebServerApplicationContext : Exception encountered during context initialization - cancelling refresh attempt: org.springframework.beans.factory.BeanCreationException: Error creating bean with name 'customUserDetailsService': Resolution of declared constructors on bean Class [com.backend.security.CustomUserDetailsService] from ClassLoader [org.springframework.boot.devtools.restart.classloader.RestartClassLoader@4f665c7f] failed
2026-02-10T20:32:13.837+05:30  INFO 5456 --- [music-streaming-backend] [restartedMain] j.LocalContainerEntityManagerFactoryBean : Closing JPA EntityManagerFactory for persistence unit 'default'
2026-02-10T20:32:13.847+05:30  INFO 5456 --- [music-streaming-backend] [restartedMain] com.zaxxer.hikari.HikariDataSource       : HikariPool-1 - Shutdown initiated...
2026-02-10T20:32:13.894+05:30  INFO 5456 --- [music-streaming-backend] [restartedMain] com.zaxxer.hikari.HikariDataSource       : HikariPool-1 - Shutdown completed.
2026-02-10T20:32:13.896+05:30  INFO 5456 --- [music-streaming-backend] [restartedMain] o.apache.catalina.core.StandardService   : Stopping service [Tomcat]
2026-02-10T20:32:13.910+05:30  INFO 5456 --- [music-streaming-backend] [restartedMain] .s.b.a.l.ConditionEvaluationReportLogger : 

Error starting ApplicationContext. To display the condition evaluation report re-run your application with 'debug' enabled.
2026-02-10T20:32:13.925+05:30 ERROR 5456 --- [music-streaming-backend] [restartedMain] o.s.boot.SpringApplication               : Application run failed

org.springframework.beans.factory.BeanCreationException: Error creating bean with name 'customUserDetailsService': Resolution of declared constructors on bean Class [com.backend.security.CustomUserDetailsService] from ClassLoader [org.springframework.boot.devtools.restart.classloader.RestartClassLoader@4f665c7f] failed
	at org.springframework.beans.factory.annotation.AutowiredAnnotationBeanPostProcessor.determineCandidateConstructors(AutowiredAnnotationBeanPostProcessor.java:384) ~[spring-beans-6.2.15.jar:6.2.15]
	at org.springframework.beans.factory.support.AbstractAutowireCapableBeanFactory.determineConstructorsFromBeanPostProcessors(AbstractAutowireCapableBeanFactory.java:1334) ~[spring-beans-6.2.15.jar:6.2.15]
	at org.springframework.beans.factory.support.AbstractAutowireCapableBeanFactory.createBeanInstance(AbstractAutowireCapableBeanFactory.java:1229) ~[spring-beans-6.2.15.jar:6.2.15]
	at org.springframework.beans.factory.support.AbstractAutowireCapableBeanFactory.doCreateBean(AbstractAutowireCapableBeanFactory.java:569) ~[spring-beans-6.2.15.jar:6.2.15]
	at org.springframework.beans.factory.support.AbstractAutowireCapableBeanFactory.createBean(AbstractAutowireCapableBeanFactory.java:529) ~[spring-beans-6.2.15.jar:6.2.15]
	at org.springframework.beans.factory.support.AbstractBeanFactory.lambda$doGetBean$0(AbstractBeanFactory.java:339) ~[spring-beans-6.2.15.jar:6.2.15]
	at org.springframework.beans.factory.support.DefaultSingletonBeanRegistry.getSingleton(DefaultSingletonBeanRegistry.java:373) ~[spring-beans-6.2.15.jar:6.2.15]
	at org.springframework.beans.factory.support.AbstractBeanFactory.doGetBean(AbstractBeanFactory.java:337) ~[spring-beans-6.2.15.jar:6.2.15]
	at org.springframework.beans.factory.support.AbstractBeanFactory.getBean(AbstractBeanFactory.java:202) ~[spring-beans-6.2.15.jar:6.2.15]
	at org.springframework.beans.factory.support.DefaultListableBeanFactory.instantiateSingleton(DefaultListableBeanFactory.java:1228) ~[spring-beans-6.2.15.jar:6.2.15]
	at org.springframework.beans.factory.support.DefaultListableBeanFactory.preInstantiateSingleton(DefaultListableBeanFactory.java:1194) ~[spring-beans-6.2.15.jar:6.2.15]
	at org.springframework.beans.factory.support.DefaultListableBeanFactory.preInstantiateSingletons(DefaultListableBeanFactory.java:1130) ~[spring-beans-6.2.15.jar:6.2.15]
	at org.springframework.context.support.AbstractApplicationContext.finishBeanFactoryInitialization(AbstractApplicationContext.java:990) ~[spring-context-6.2.15.jar:6.2.15]
	at org.springframework.context.support.AbstractApplicationContext.refresh(AbstractApplicationContext.java:627) ~[spring-context-6.2.15.jar:6.2.15]
	at org.springframework.boot.web.servlet.context.ServletWebServerApplicationContext.refresh(ServletWebServerApplicationContext.java:146) ~[spring-boot-3.5.9.jar:3.5.9]
	at org.springframework.boot.SpringApplication.refresh(SpringApplication.java:752) ~[spring-boot-3.5.9.jar:3.5.9]
	at org.springframework.boot.SpringApplication.refreshContext(SpringApplication.java:439) ~[spring-boot-3.5.9.jar:3.5.9]
	at org.springframework.boot.SpringApplication.run(SpringApplication.java:318) ~[spring-boot-3.5.9.jar:3.5.9]
	at org.springframework.boot.SpringApplication.run(SpringApplication.java:1361) ~[spring-boot-3.5.9.jar:3.5.9]
	at org.springframework.boot.SpringApplication.run(SpringApplication.java:1350) ~[spring-boot-3.5.9.jar:3.5.9]
	at com.backend.MusicStreamingBackendApplication.main(MusicStreamingBackendApplication.java:10) ~[classes/:na]
	at java.base/jdk.internal.reflect.DirectMethodHandleAccessor.invoke(DirectMethodHandleAccessor.java:103) ~[na:na]
	at java.base/java.lang.reflect.Method.invoke(Method.java:580) ~[na:na]
	at org.springframework.boot.devtools.restart.RestartLauncher.run(RestartLauncher.java:50) ~[spring-boot-devtools-3.5.9.jar:3.5.9]
Caused by: java.lang.NoClassDefFoundError: com/backend/repository/UserRepository
	at java.base/java.lang.Class.getDeclaredConstructors0(Native Method) ~[na:na]
	at java.base/java.lang.Class.privateGetDeclaredConstructors(Class.java:3549) ~[na:na]
	at java.base/java.lang.Class.getDeclaredConstructors(Class.java:2727) ~[na:na]
	at org.springframework.beans.factory.annotation.AutowiredAnnotationBeanPostProcessor.determineCandidateConstructors(AutowiredAnnotationBeanPostProcessor.java:379) ~[spring-beans-6.2.15.jar:6.2.15]
	... 23 common frames omitted
Caused by: java.lang.ClassNotFoundException: com.backend.repository.UserRepository
	at java.base/jdk.internal.loader.BuiltinClassLoader.loadClass(BuiltinClassLoader.java:641) ~[na:na]
	at java.base/jdk.internal.loader.ClassLoaders$AppClassLoader.loadClass(ClassLoaders.java:188) ~[na:na]
	at java.base/java.lang.ClassLoader.loadClass(ClassLoader.java:526) ~[na:na]
	at java.base/java.lang.Class.forName0(Native Method) ~[na:na]
	at java.base/java.lang.Class.forName(Class.java:534) ~[na:na]
	at java.base/java.lang.Class.forName(Class.java:513) ~[na:na]
	at org.springframework.boot.devtools.restart.classloader.RestartClassLoader.loadClass(RestartClassLoader.java:121) ~[spring-boot-devtools-3.5.9.jar:3.5.9]
	at java.base/java.lang.ClassLoader.loadClass(ClassLoader.java:526) ~[na:na]
	... 27 common frames omitted

